application_date,case_count,day,segment,y,m,d
2017-04-01,299.0,5,1,2017,04,01
2017-04-01,897.0,5,2,2017,04,01
2017-04-02,605.0,6,2,2017,04,02
2017-04-03,42.0,0,1,2017,04,03
2017-04-03,2016.0,0,2,2017,04,03
2017-04-04,23.0,1,1,2017,04,04
2017-04-04,2245.0,1,2,2017,04,04
2017-04-05,1530.0,2,1,2017,04,05
2017-04-05,2415.0,2,2,2017,04,05
2017-04-06,2379.0,3,2,2017,04,06
2017-04-07,1341.0,4,1,2017,04,07
2017-04-07,2249.0,4,2,2017,04,07
2017-04-08,2297.0,5,2,2017,04,08
2017-04-09,1435.0,6,2,2017,04,09
2017-04-10,3166.0,0,2,2017,04,10
2017-04-11,5649.0,1,2,2017,04,11
2017-04-12,1468.0,2,1,2017,04,12
2017-04-12,8781.0,2,2,2017,04,12
2017-04-13,1340.0,3,1,2017,04,13
2017-04-13,10351.0,3,2,2017,04,13
2017-04-14,1330.0,4,1,2017,04,14
2017-04-14,8289.0,4,2,2017,04,14
2017-04-15,981.0,5,1,2017,04,15
2017-04-15,8799.0,5,2,2017,04,15
2017-04-16,409.0,6,1,2017,04,16
2017-04-16,6745.0,6,2,2017,04,16
2017-04-17,1515.0,0,1,2017,04,17
2017-04-17,9597.0,0,2,2017,04,17
2017-04-18,1442.0,1,1,2017,04,18
2017-04-18,11351.0,1,2,2017,04,18
2017-04-19,1404.0,2,1,2017,04,19
2017-04-19,12310.0,2,2,2017,04,19
2017-04-20,1350.0,3,1,2017,04,20
2017-04-20,12384.0,3,2,2017,04,20
2017-04-21,1390.0,4,1,2017,04,21
2017-04-21,10857.0,4,2,2017,04,21
2017-04-22,1060.0,5,1,2017,04,22
2017-04-22,8881.0,5,2,2017,04,22
2017-04-23,380.0,6,1,2017,04,23
2017-04-23,6172.0,6,2,2017,04,23
2017-04-24,1626.0,0,1,2017,04,24
2017-04-24,5931.0,0,2,2017,04,24
2017-04-25,1450.0,1,1,2017,04,25
2017-04-25,4422.0,1,2,2017,04,25
2017-04-26,1546.0,2,1,2017,04,26
2017-04-26,2384.0,2,2,2017,04,26
2017-04-27,1710.0,3,1,2017,04,27
2017-04-27,1102.0,3,2,2017,04,27
2017-04-28,1927.0,4,1,2017,04,28
2017-04-28,810.0,4,2,2017,04,28
2017-04-29,1355.0,5,1,2017,04,29
2017-04-29,854.0,5,2,2017,04,29
2017-04-30,6472.0,6,1,2017,04,30
2017-04-30,881.0,6,2,2017,04,30
2017-05-01,1472.0,0,1,2017,05,01
2017-05-01,1354.0,0,2,2017,05,01
2017-05-02,198.0,1,1,2017,05,02
2017-05-02,1929.0,1,2,2017,05,02
2017-05-03,76.0,2,1,2017,05,03
2017-05-03,1925.0,2,2,2017,05,03
2017-05-04,165.0,3,1,2017,05,04
2017-05-04,2993.0,3,2,2017,05,04
2017-05-05,2457.0,4,1,2017,05,05
2017-05-05,2724.0,4,2,2017,05,05
2017-05-06,2441.0,5,2,2017,05,06
2017-05-07,426.0,6,1,2017,05,07
2017-05-07,1652.0,6,2,2017,05,07
2017-05-08,4.0,0,1,2017,05,08
2017-05-08,2118.0,0,2,2017,05,08
2017-05-09,51.0,1,1,2017,05,09
2017-05-09,2964.0,1,2,2017,05,09
2017-05-10,1582.0,2,1,2017,05,10
2017-05-10,3030.0,2,2,2017,05,10
2017-05-11,1423.0,3,1,2017,05,11
2017-05-11,6776.0,3,2,2017,05,11
2017-05-12,1533.0,4,1,2017,05,12
2017-05-12,8364.0,4,2,2017,05,12
2017-05-13,1125.0,5,1,2017,05,13
2017-05-13,6431.0,5,2,2017,05,13
2017-05-14,338.0,6,1,2017,05,14
2017-05-14,5005.0,6,2,2017,05,14
2017-05-15,1733.0,0,1,2017,05,15
2017-05-15,8251.0,0,2,2017,05,15
2017-05-16,1500.0,1,1,2017,05,16
2017-05-16,8312.0,1,2,2017,05,16
2017-05-17,1632.0,2,1,2017,05,17
2017-05-17,9642.0,2,2,2017,05,17
2017-05-18,1530.0,3,1,2017,05,18
2017-05-18,13979.0,3,2,2017,05,18
2017-05-19,1576.0,4,1,2017,05,19
2017-05-19,10976.0,4,2,2017,05,19
2017-05-20,1220.0,5,1,2017,05,20
2017-05-20,10215.0,5,2,2017,05,20
2017-05-21,458.0,6,1,2017,05,21
2017-05-21,7058.0,6,2,2017,05,21
2017-05-22,1746.0,0,1,2017,05,22
2017-05-22,8148.0,0,2,2017,05,22
2017-05-23,1615.0,1,1,2017,05,23
2017-05-23,8625.0,1,2,2017,05,23
2017-05-24,1623.0,2,1,2017,05,24
2017-05-24,7599.0,2,2,2017,05,24
2017-05-25,1529.0,3,1,2017,05,25
2017-05-25,6402.0,3,2,2017,05,25
2017-05-26,1587.0,4,1,2017,05,26
2017-05-26,4841.0,4,2,2017,05,26
2017-05-27,1277.0,5,1,2017,05,27
2017-05-27,3915.0,5,2,2017,05,27
2017-05-28,524.0,6,1,2017,05,28
2017-05-28,1193.0,6,2,2017,05,28
2017-05-29,1935.0,0,1,2017,05,29
2017-05-29,747.0,0,2,2017,05,29
2017-05-30,1732.0,1,1,2017,05,30
2017-05-30,1396.0,1,2,2017,05,30
2017-05-31,6740.0,2,1,2017,05,31
2017-05-31,2041.0,2,2,2017,05,31
2017-06-01,3.0,3,1,2017,06,01
2017-06-01,4245.0,3,2,2017,06,01
2017-06-02,642.0,4,1,2017,06,02
2017-06-02,3926.0,4,2,2017,06,02
2017-06-03,497.0,5,1,2017,06,03
2017-06-03,4417.0,5,2,2017,06,03
2017-06-04,408.0,6,1,2017,06,04
2017-06-04,1800.0,6,2,2017,06,04
2017-06-05,1696.0,0,1,2017,06,05
2017-06-05,2929.0,0,2,2017,06,05
2017-06-06,193.0,1,1,2017,06,06
2017-06-06,4258.0,1,2,2017,06,06
2017-06-07,1736.0,2,1,2017,06,07
2017-06-07,4206.0,2,2,2017,06,07
2017-06-08,1445.0,3,1,2017,06,08
2017-06-08,4547.0,3,2,2017,06,08
2017-06-09,2061.0,4,1,2017,06,09
2017-06-09,4954.0,4,2,2017,06,09
2017-06-10,1549.0,5,1,2017,06,10
2017-06-10,5803.0,5,2,2017,06,10
2017-06-11,667.0,6,1,2017,06,11
2017-06-11,6336.0,6,2,2017,06,11
2017-06-12,2176.0,0,1,2017,06,12
2017-06-12,11984.0,0,2,2017,06,12
2017-06-13,1972.0,1,1,2017,06,13
2017-06-13,16631.0,1,2,2017,06,13
2017-06-14,2053.0,2,1,2017,06,14
2017-06-14,16384.0,2,2,2017,06,14
2017-06-15,1958.0,3,1,2017,06,15
2017-06-15,16919.0,3,2,2017,06,15
2017-06-16,2111.0,4,1,2017,06,16
2017-06-16,16392.0,4,2,2017,06,16
2017-06-17,1744.0,5,1,2017,06,17
2017-06-17,14947.0,5,2,2017,06,17
2017-06-18,706.0,6,1,2017,06,18
2017-06-18,10709.0,6,2,2017,06,18
2017-06-19,2443.0,0,1,2017,06,19
2017-06-19,14096.0,0,2,2017,06,19
2017-06-20,2127.0,1,1,2017,06,20
2017-06-20,16381.0,1,2,2017,06,20
2017-06-21,2363.0,2,1,2017,06,21
2017-06-21,16155.0,2,2,2017,06,21
2017-06-22,2495.0,3,1,2017,06,22
2017-06-22,14993.0,3,2,2017,06,22
2017-06-23,2639.0,4,1,2017,06,23
2017-06-23,11908.0,4,2,2017,06,23
2017-06-24,2582.0,5,1,2017,06,24
2017-06-24,8951.0,5,2,2017,06,24
2017-06-25,1647.0,6,1,2017,06,25
2017-06-25,5764.0,6,2,2017,06,25
2017-06-26,1774.0,0,1,2017,06,26
2017-06-26,5728.0,0,2,2017,06,26
2017-06-27,1935.0,1,1,2017,06,27
2017-06-27,3152.0,1,2,2017,06,27
2017-06-28,2168.0,2,1,2017,06,28
2017-06-28,2517.0,2,2,2017,06,28
2017-06-29,2291.0,3,1,2017,06,29
2017-06-29,1899.0,3,2,2017,06,29
2017-06-30,9750.0,4,1,2017,06,30
2017-06-30,1973.0,4,2,2017,06,30
2017-07-01,1811.0,5,1,2017,07,01
2017-07-01,2073.0,5,2,2017,07,01
2017-07-02,5.0,6,1,2017,07,02
2017-07-02,1343.0,6,2,2017,07,02
2017-07-03,2932.0,0,2,2017,07,03
2017-07-04,4657.0,1,2,2017,07,04
2017-07-05,1304.0,2,1,2017,07,05
2017-07-05,4882.0,2,2,2017,07,05
2017-07-06,154.0,3,1,2017,07,06
2017-07-06,5000.0,3,2,2017,07,06
2017-07-07,495.0,4,1,2017,07,07
2017-07-07,5322.0,4,2,2017,07,07
2017-07-08,4885.0,5,2,2017,07,08
2017-07-09,3939.0,6,2,2017,07,09
2017-07-10,1878.0,0,1,2017,07,10
2017-07-10,5733.0,0,2,2017,07,10
2017-07-11,1510.0,1,1,2017,07,11
2017-07-11,12403.0,1,2,2017,07,11
2017-07-12,1713.0,2,1,2017,07,12
2017-07-12,16716.0,2,2,2017,07,12
2017-07-13,1540.0,3,1,2017,07,13
2017-07-13,19424.0,3,2,2017,07,13
2017-07-14,1552.0,4,1,2017,07,14
2017-07-14,19432.0,4,2,2017,07,14
2017-07-15,1185.0,5,1,2017,07,15
2017-07-15,17602.0,5,2,2017,07,15
2017-07-16,602.0,6,1,2017,07,16
2017-07-16,11732.0,6,2,2017,07,16
2017-07-17,1842.0,0,1,2017,07,17
2017-07-17,18006.0,0,2,2017,07,17
2017-07-18,1568.0,1,1,2017,07,18
2017-07-18,20867.0,1,2,2017,07,18
2017-07-19,1592.0,2,1,2017,07,19
2017-07-19,21357.0,2,2,2017,07,19
2017-07-20,1558.0,3,1,2017,07,20
2017-07-20,22155.0,3,2,2017,07,20
2017-07-21,1623.0,4,1,2017,07,21
2017-07-21,17095.0,4,2,2017,07,21
2017-07-22,1087.0,5,1,2017,07,22
2017-07-22,15158.0,5,2,2017,07,22
2017-07-23,450.0,6,1,2017,07,23
2017-07-23,10019.0,6,2,2017,07,23
2017-07-24,1774.0,0,1,2017,07,24
2017-07-24,9565.0,0,2,2017,07,24
2017-07-25,1540.0,1,1,2017,07,25
2017-07-25,9210.0,1,2,2017,07,25
2017-07-26,1586.0,2,1,2017,07,26
2017-07-26,8593.0,2,2,2017,07,26
2017-07-27,1502.0,3,1,2017,07,27
2017-07-27,6654.0,3,2,2017,07,27
2017-07-28,1710.0,4,1,2017,07,28
2017-07-28,2203.0,4,2,2017,07,28
2017-07-29,1375.0,5,1,2017,07,29
2017-07-29,1251.0,5,2,2017,07,29
2017-07-30,681.0,6,1,2017,07,30
2017-07-30,798.0,6,2,2017,07,30
2017-07-31,11594.0,0,1,2017,07,31
2017-07-31,1887.0,0,2,2017,07,31
2017-08-01,921.0,1,1,2017,08,01
2017-08-01,4455.0,1,2,2017,08,01
2017-08-02,5794.0,2,2,2017,08,02
2017-08-03,2.0,3,1,2017,08,03
2017-08-03,5792.0,3,2,2017,08,03
2017-08-04,1.0,4,1,2017,08,04
2017-08-04,5173.0,4,2,2017,08,04
2017-08-05,4.0,5,1,2017,08,05
2017-08-05,5289.0,5,2,2017,08,05
2017-08-06,3.0,6,1,2017,08,06
2017-08-06,4052.0,6,2,2017,08,06
2017-08-07,1893.0,0,1,2017,08,07
2017-08-07,4551.0,0,2,2017,08,07
2017-08-08,1850.0,1,1,2017,08,08
2017-08-08,5451.0,1,2,2017,08,08
2017-08-09,2010.0,2,1,2017,08,09
2017-08-09,6984.0,2,2,2017,08,09
2017-08-10,2037.0,3,1,2017,08,10
2017-08-10,7667.0,3,2,2017,08,10
2017-08-11,1934.0,4,1,2017,08,11
2017-08-11,13612.0,4,2,2017,08,11
2017-08-12,1838.0,5,1,2017,08,12
2017-08-12,17690.0,5,2,2017,08,12
2017-08-13,965.0,6,1,2017,08,13
2017-08-13,11725.0,6,2,2017,08,13
2017-08-14,2888.0,0,1,2017,08,14
2017-08-14,18639.0,0,2,2017,08,14
2017-08-15,1229.0,1,1,2017,08,15
2017-08-15,17082.0,1,2,2017,08,15
2017-08-16,2269.0,2,1,2017,08,16
2017-08-16,20262.0,2,2,2017,08,16
2017-08-17,2012.0,3,1,2017,08,17
2017-08-17,21928.0,3,2,2017,08,17
2017-08-18,2141.0,4,1,2017,08,18
2017-08-18,21309.0,4,2,2017,08,18
2017-08-19,1723.0,5,1,2017,08,19
2017-08-19,20726.0,5,2,2017,08,19
2017-08-20,813.0,6,1,2017,08,20
2017-08-20,15069.0,6,2,2017,08,20
2017-08-21,2344.0,0,1,2017,08,21
2017-08-21,17871.0,0,2,2017,08,21
2017-08-22,2063.0,1,1,2017,08,22
2017-08-22,19539.0,1,2,2017,08,22
2017-08-23,2504.0,2,1,2017,08,23
2017-08-23,17197.0,2,2,2017,08,23
2017-08-24,2693.0,3,1,2017,08,24
2017-08-24,13876.0,3,2,2017,08,24
2017-08-25,2358.0,4,1,2017,08,25
2017-08-25,10181.0,4,2,2017,08,25
2017-08-26,1589.0,5,1,2017,08,26
2017-08-26,9340.0,5,2,2017,08,26
2017-08-27,839.0,6,1,2017,08,27
2017-08-27,6762.0,6,2,2017,08,27
2017-08-28,2301.0,0,1,2017,08,28
2017-08-28,4695.0,0,2,2017,08,28
2017-08-29,1906.0,1,1,2017,08,29
2017-08-29,2335.0,1,2,2017,08,29
2017-08-30,2065.0,2,1,2017,08,30
2017-08-30,1555.0,2,2,2017,08,30
2017-08-31,13590.0,3,1,2017,08,31
2017-08-31,2237.0,3,2,2017,08,31
2017-09-01,4372.0,4,2,2017,09,01
2017-09-02,6249.0,5,2,2017,09,02
2017-09-03,4469.0,6,2,2017,09,03
2017-09-04,6.0,0,1,2017,09,04
2017-09-04,5641.0,0,2,2017,09,04
2017-09-05,1101.0,1,1,2017,09,05
2017-09-05,6377.0,1,2,2017,09,05
2017-09-06,6894.0,2,2,2017,09,06
2017-09-07,805.0,3,1,2017,09,07
2017-09-07,8062.0,3,2,2017,09,07
2017-09-08,2073.0,4,1,2017,09,08
2017-09-08,7799.0,4,2,2017,09,08
2017-09-09,1746.0,5,1,2017,09,09
2017-09-09,8598.0,5,2,2017,09,09
2017-09-10,932.0,6,1,2017,09,10
2017-09-10,6695.0,6,2,2017,09,10
2017-09-11,2378.0,0,1,2017,09,11
2017-09-11,14050.0,0,2,2017,09,11
2017-09-12,2378.0,1,1,2017,09,12
2017-09-12,21192.0,1,2,2017,09,12
2017-09-13,2551.0,2,1,2017,09,13
2017-09-13,23051.0,2,2,2017,09,13
2017-09-14,2539.0,3,1,2017,09,14
2017-09-14,24867.0,3,2,2017,09,14
2017-09-15,2836.0,4,1,2017,09,15
2017-09-15,23169.0,4,2,2017,09,15
2017-09-16,2693.0,5,1,2017,09,16
2017-09-16,22296.0,5,2,2017,09,16
2017-09-17,1376.0,6,1,2017,09,17
2017-09-17,16429.0,6,2,2017,09,17
2017-09-18,3114.0,0,1,2017,09,18
2017-09-18,20130.0,0,2,2017,09,18
2017-09-19,3080.0,1,1,2017,09,19
2017-09-19,15067.0,1,2,2017,09,19
2017-09-20,3541.0,2,1,2017,09,20
2017-09-20,23379.0,2,2,2017,09,20
2017-09-21,4436.0,3,1,2017,09,21
2017-09-21,20323.0,3,2,2017,09,21
2017-09-22,4330.0,4,1,2017,09,22
2017-09-22,16893.0,4,2,2017,09,22
2017-09-23,3701.0,5,1,2017,09,23
2017-09-23,12440.0,5,2,2017,09,23
2017-09-24,3508.0,6,1,2017,09,24
2017-09-24,9308.0,6,2,2017,09,24
2017-09-25,5201.0,0,1,2017,09,25
2017-09-25,8926.0,0,2,2017,09,25
2017-09-26,5188.0,1,1,2017,09,26
2017-09-26,7662.0,1,2,2017,09,26
2017-09-27,5378.0,2,1,2017,09,27
2017-09-27,5690.0,2,2,2017,09,27
2017-09-28,4584.0,3,1,2017,09,28
2017-09-28,3268.0,3,2,2017,09,28
2017-09-29,4464.0,4,1,2017,09,29
2017-09-29,889.0,4,2,2017,09,29
2017-09-30,21631.0,5,1,2017,09,30
2017-09-30,439.0,5,2,2017,09,30
2017-10-01,1280.0,6,1,2017,10,01
2017-10-01,973.0,6,2,2017,10,01
2017-10-02,226.0,0,1,2017,10,02
2017-10-02,2341.0,0,2,2017,10,02
2017-10-03,172.0,1,1,2017,10,03
2017-10-03,4627.0,1,2,2017,10,03
2017-10-04,209.0,2,1,2017,10,04
2017-10-04,5338.0,2,2,2017,10,04
2017-10-05,352.0,3,1,2017,10,05
2017-10-05,6885.0,3,2,2017,10,05
2017-10-06,361.0,4,1,2017,10,06
2017-10-06,7567.0,4,2,2017,10,06
2017-10-07,274.0,5,1,2017,10,07
2017-10-07,7786.0,5,2,2017,10,07
2017-10-08,573.0,6,1,2017,10,08
2017-10-08,6932.0,6,2,2017,10,08
2017-10-09,1688.0,0,1,2017,10,09
2017-10-09,8299.0,0,2,2017,10,09
2017-10-10,1839.0,1,1,2017,10,10
2017-10-10,11235.0,1,2,2017,10,10
2017-10-11,3701.0,2,1,2017,10,11
2017-10-11,18217.0,2,2,2017,10,11
2017-10-12,4017.0,3,1,2017,10,12
2017-10-12,23977.0,3,2,2017,10,12
2017-10-13,4355.0,4,1,2017,10,13
2017-10-13,26211.0,4,2,2017,10,13
2017-10-14,4048.0,5,1,2017,10,14
2017-10-14,24403.0,5,2,2017,10,14
2017-10-15,3928.0,6,1,2017,10,15
2017-10-15,17067.0,6,2,2017,10,15
2017-10-16,6696.0,0,1,2017,10,16
2017-10-16,19907.0,0,2,2017,10,16
2017-10-17,7223.0,1,1,2017,10,17
2017-10-17,18168.0,1,2,2017,10,17
2017-10-18,6344.0,2,1,2017,10,18
2017-10-18,14006.0,2,2,2017,10,18
2017-10-19,4650.0,3,1,2017,10,19
2017-10-19,12688.0,3,2,2017,10,19
2017-10-20,2423.0,4,1,2017,10,20
2017-10-20,15696.0,4,2,2017,10,20
2017-10-21,1718.0,5,1,2017,10,21
2017-10-21,16584.0,5,2,2017,10,21
2017-10-22,1002.0,6,1,2017,10,22
2017-10-22,13993.0,6,2,2017,10,22
2017-10-23,2570.0,0,1,2017,10,23
2017-10-23,17483.0,0,2,2017,10,23
2017-10-24,2272.0,1,1,2017,10,24
2017-10-24,19773.0,1,2,2017,10,24
2017-10-25,2968.0,2,1,2017,10,25
2017-10-25,17149.0,2,2,2017,10,25
2017-10-26,2533.0,3,1,2017,10,26
2017-10-26,16545.0,3,2,2017,10,26
2017-10-27,2556.0,4,1,2017,10,27
2017-10-27,14385.0,4,2,2017,10,27
2017-10-28,2062.0,5,1,2017,10,28
2017-10-28,8564.0,5,2,2017,10,28
2017-10-29,883.0,6,1,2017,10,29
2017-10-29,3314.0,6,2,2017,10,29
2017-10-30,2810.0,0,1,2017,10,30
2017-10-30,1024.0,0,2,2017,10,30
2017-10-31,15429.0,1,1,2017,10,31
2017-10-31,1015.0,1,2,2017,10,31
2017-11-01,583.0,2,1,2017,11,01
2017-11-01,3841.0,2,2,2017,11,01
2017-11-02,29.0,3,1,2017,11,02
2017-11-02,4069.0,3,2,2017,11,02
2017-11-03,65.0,4,1,2017,11,03
2017-11-03,6458.0,4,2,2017,11,03
2017-11-04,40.0,5,1,2017,11,04
2017-11-04,6454.0,5,2,2017,11,04
2017-11-05,6.0,6,1,2017,11,05
2017-11-05,4174.0,6,2,2017,11,05
2017-11-06,60.0,0,1,2017,11,06
2017-11-06,6474.0,0,2,2017,11,06
2017-11-07,251.0,1,1,2017,11,07
2017-11-07,7488.0,1,2,2017,11,07
2017-11-08,1556.0,2,1,2017,11,08
2017-11-08,8606.0,2,2,2017,11,08
2017-11-09,1872.0,3,1,2017,11,09
2017-11-09,9825.0,3,2,2017,11,09
2017-11-10,1998.0,4,1,2017,11,10
2017-11-10,9843.0,4,2,2017,11,10
2017-11-11,1532.0,5,1,2017,11,11
2017-11-11,17385.0,5,2,2017,11,11
2017-11-12,636.0,6,1,2017,11,12
2017-11-12,14594.0,6,2,2017,11,12
2017-11-13,2242.0,0,1,2017,11,13
2017-11-13,21311.0,0,2,2017,11,13
2017-11-14,1988.0,1,1,2017,11,14
2017-11-14,27580.0,1,2,2017,11,14
2017-11-15,1907.0,2,1,2017,11,15
2017-11-15,28872.0,2,2,2017,11,15
2017-11-16,1838.0,3,1,2017,11,16
2017-11-16,28331.0,3,2,2017,11,16
2017-11-17,1801.0,4,1,2017,11,17
2017-11-17,25391.0,4,2,2017,11,17
2017-11-18,1537.0,5,1,2017,11,18
2017-11-18,23316.0,5,2,2017,11,18
2017-11-19,2846.0,6,1,2017,11,19
2017-11-19,17062.0,6,2,2017,11,19
2017-11-20,56.0,0,1,2017,11,20
2017-11-20,21964.0,0,2,2017,11,20
2017-11-21,1934.0,1,1,2017,11,21
2017-11-21,23594.0,1,2,2017,11,21
2017-11-22,1904.0,2,1,2017,11,22
2017-11-22,22100.0,2,2,2017,11,22
2017-11-23,1914.0,3,1,2017,11,23
2017-11-23,20300.0,3,2,2017,11,23
2017-11-24,1980.0,4,1,2017,11,24
2017-11-24,17048.0,4,2,2017,11,24
2017-11-25,1471.0,5,1,2017,11,25
2017-11-25,14954.0,5,2,2017,11,25
2017-11-26,572.0,6,1,2017,11,26
2017-11-26,9893.0,6,2,2017,11,26
2017-11-27,2104.0,0,1,2017,11,27
2017-11-27,11163.0,0,2,2017,11,27
2017-11-28,1827.0,1,1,2017,11,28
2017-11-28,5170.0,1,2,2017,11,28
2017-11-29,1938.0,2,1,2017,11,29
2017-11-29,1540.0,2,2,2017,11,29
2017-11-30,5966.0,3,1,2017,11,30
2017-11-30,1289.0,3,2,2017,11,30
2017-12-01,56.0,4,1,2017,12,01
2017-12-01,3120.0,4,2,2017,12,01
2017-12-02,44.0,5,1,2017,12,02
2017-12-02,5010.0,5,2,2017,12,02
2017-12-03,292.0,6,1,2017,12,03
2017-12-03,3426.0,6,2,2017,12,03
2017-12-04,1610.0,0,1,2017,12,04
2017-12-04,5909.0,0,2,2017,12,04
2017-12-05,1650.0,1,1,2017,12,05
2017-12-05,6052.0,1,2,2017,12,05
2017-12-06,1904.0,2,1,2017,12,06
2017-12-06,7124.0,2,2,2017,12,06
2017-12-07,1875.0,3,1,2017,12,07
2017-12-07,8026.0,3,2,2017,12,07
2017-12-08,1861.0,4,1,2017,12,08
2017-12-08,7534.0,4,2,2017,12,08
2017-12-09,1485.0,5,1,2017,12,09
2017-12-09,8758.0,5,2,2017,12,09
2017-12-10,621.0,6,1,2017,12,10
2017-12-10,6100.0,6,2,2017,12,10
2017-12-11,2319.0,0,1,2017,12,11
2017-12-11,15291.0,0,2,2017,12,11
2017-12-12,2237.0,1,1,2017,12,12
2017-12-12,22734.0,1,2,2017,12,12
2017-12-13,2320.0,2,1,2017,12,13
2017-12-13,25417.0,2,2,2017,12,13
2017-12-14,2260.0,3,1,2017,12,14
2017-12-14,24401.0,3,2,2017,12,14
2017-12-15,2326.0,4,1,2017,12,15
2017-12-15,26953.0,4,2,2017,12,15
2017-12-16,1796.0,5,1,2017,12,16
2017-12-16,24836.0,5,2,2017,12,16
2017-12-17,767.0,6,1,2017,12,17
2017-12-17,16655.0,6,2,2017,12,17
2017-12-18,2393.0,0,1,2017,12,18
2017-12-18,24011.0,0,2,2017,12,18
2017-12-19,2180.0,1,1,2017,12,19
2017-12-19,27077.0,1,2,2017,12,19
2017-12-20,2454.0,2,1,2017,12,20
2017-12-20,27934.0,2,2,2017,12,20
2017-12-21,1886.0,3,1,2017,12,21
2017-12-21,26353.0,3,2,2017,12,21
2017-12-22,1921.0,4,1,2017,12,22
2017-12-22,22072.0,4,2,2017,12,22
2017-12-23,1981.0,5,1,2017,12,23
2017-12-23,20863.0,5,2,2017,12,23
2017-12-24,757.0,6,1,2017,12,24
2017-12-24,13367.0,6,2,2017,12,24
2017-12-25,2169.0,0,1,2017,12,25
2017-12-25,12427.0,0,2,2017,12,25
2017-12-26,2251.0,1,1,2017,12,26
2017-12-26,13929.0,1,2,2017,12,26
2017-12-27,2374.0,2,1,2017,12,27
2017-12-27,12936.0,2,2,2017,12,27
2017-12-28,2555.0,3,1,2017,12,28
2017-12-28,11402.0,3,2,2017,12,28
2017-12-29,2913.0,4,1,2017,12,29
2017-12-29,8527.0,4,2,2017,12,29
2017-12-30,2736.0,5,1,2017,12,30
2017-12-30,4824.0,5,2,2017,12,30
2017-12-31,14106.0,6,1,2017,12,31
2017-12-31,791.0,6,2,2017,12,31
2018-01-01,1391.0,0,1,2018,01,01
2018-01-01,2110.0,0,2,2018,01,01
2018-01-02,84.0,1,1,2018,01,02
2018-01-02,6491.0,1,2,2018,01,02
2018-01-03,45.0,2,1,2018,01,03
2018-01-03,9691.0,2,2,2018,01,03
2018-01-04,76.0,3,1,2018,01,04
2018-01-04,10467.0,3,2,2018,01,04
2018-01-05,1789.0,4,1,2018,01,05
2018-01-05,10449.0,4,2,2018,01,05
2018-01-06,1372.0,5,1,2018,01,06
2018-01-06,10382.0,5,2,2018,01,06
2018-01-07,7813.0,6,2,2018,01,07
2018-01-08,81.0,0,1,2018,01,08
2018-01-08,10306.0,0,2,2018,01,08
2018-01-09,2619.0,1,1,2018,01,09
2018-01-09,10859.0,1,2,2018,01,09
2018-01-10,2497.0,2,1,2018,01,10
2018-01-10,13309.0,2,2,2018,01,10
2018-01-11,2522.0,3,1,2018,01,11
2018-01-11,21872.0,3,2,2018,01,11
2018-01-12,2757.0,4,1,2018,01,12
2018-01-12,26325.0,4,2,2018,01,12
2018-01-13,2306.0,5,1,2018,01,13
2018-01-13,23737.0,5,2,2018,01,13
2018-01-14,1167.0,6,1,2018,01,14
2018-01-14,11974.0,6,2,2018,01,14
2018-01-15,2420.0,0,1,2018,01,15
2018-01-15,14284.0,0,2,2018,01,15
2018-01-16,2625.0,1,1,2018,01,16
2018-01-16,21445.0,1,2,2018,01,16
2018-01-17,2854.0,2,1,2018,01,17
2018-01-17,27351.0,2,2,2018,01,17
2018-01-18,2947.0,3,1,2018,01,18
2018-01-18,28950.0,3,2,2018,01,18
2018-01-19,2859.0,4,1,2018,01,19
2018-01-19,27414.0,4,2,2018,01,19
2018-01-20,2218.0,5,1,2018,01,20
2018-01-20,25522.0,5,2,2018,01,20
2018-01-21,1108.0,6,1,2018,01,21
2018-01-21,17975.0,6,2,2018,01,21
2018-01-22,3198.0,0,1,2018,01,22
2018-01-22,20582.0,0,2,2018,01,22
2018-01-23,2519.0,1,1,2018,01,23
2018-01-23,25271.0,1,2,2018,01,23
2018-01-24,2574.0,2,1,2018,01,24
2018-01-24,21599.0,2,2,2018,01,24
2018-01-25,2126.0,3,1,2018,01,25
2018-01-25,21689.0,3,2,2018,01,25
2018-01-26,1454.0,4,1,2018,01,26
2018-01-26,17813.0,4,2,2018,01,26
2018-01-27,2127.0,5,1,2018,01,27
2018-01-27,14454.0,5,2,2018,01,27
2018-01-28,911.0,6,1,2018,01,28
2018-01-28,7434.0,6,2,2018,01,28
2018-01-29,2821.0,0,1,2018,01,29
2018-01-29,10408.0,0,2,2018,01,29
2018-01-30,2479.0,1,1,2018,01,30
2018-01-30,3919.0,1,2,2018,01,30
2018-01-31,9628.0,2,1,2018,01,31
2018-01-31,1302.0,2,2,2018,01,31
2018-02-01,472.0,3,1,2018,02,01
2018-02-01,2760.0,3,2,2018,02,01
2018-02-02,66.0,4,1,2018,02,02
2018-02-02,9679.0,4,2,2018,02,02
2018-02-03,52.0,5,1,2018,02,03
2018-02-03,8998.0,5,2,2018,02,03
2018-02-04,6654.0,6,2,2018,02,04
2018-02-05,2654.0,0,1,2018,02,05
2018-02-05,8144.0,0,2,2018,02,05
2018-02-06,2419.0,1,1,2018,02,06
2018-02-06,9611.0,1,2,2018,02,06
2018-02-07,2439.0,2,1,2018,02,07
2018-02-07,9991.0,2,2,2018,02,07
2018-02-08,2369.0,3,1,2018,02,08
2018-02-08,9954.0,3,2,2018,02,08
2018-02-09,2470.0,4,1,2018,02,09
2018-02-09,11975.0,4,2,2018,02,09
2018-02-10,1974.0,5,1,2018,02,10
2018-02-10,12203.0,5,2,2018,02,10
2018-02-11,966.0,6,1,2018,02,11
2018-02-11,12013.0,6,2,2018,02,11
2018-02-12,3413.0,0,1,2018,02,12
2018-02-12,22881.0,0,2,2018,02,12
2018-02-13,3092.0,1,1,2018,02,13
2018-02-13,27636.0,1,2,2018,02,13
2018-02-14,2702.0,2,1,2018,02,14
2018-02-14,27603.0,2,2,2018,02,14
2018-02-15,2354.0,3,1,2018,02,15
2018-02-15,26714.0,3,2,2018,02,15
2018-02-16,2543.0,4,1,2018,02,16
2018-02-16,29129.0,4,2,2018,02,16
2018-02-17,2003.0,5,1,2018,02,17
2018-02-17,28365.0,5,2,2018,02,17
2018-02-18,923.0,6,1,2018,02,18
2018-02-18,12071.0,6,2,2018,02,18
2018-02-19,2405.0,0,1,2018,02,19
2018-02-19,24006.0,0,2,2018,02,19
2018-02-20,2488.0,1,1,2018,02,20
2018-02-20,32399.0,1,2,2018,02,20
2018-02-21,2589.0,2,1,2018,02,21
2018-02-21,28719.0,2,2,2018,02,21
2018-02-22,2513.0,3,1,2018,02,22
2018-02-22,26985.0,3,2,2018,02,22
2018-02-23,2415.0,4,1,2018,02,23
2018-02-23,23457.0,4,2,2018,02,23
2018-02-24,1908.0,5,1,2018,02,24
2018-02-24,20055.0,5,2,2018,02,24
2018-02-25,963.0,6,1,2018,02,25
2018-02-25,13217.0,6,2,2018,02,25
2018-02-26,2665.0,0,1,2018,02,26
2018-02-26,11843.0,0,2,2018,02,26
2018-02-27,2530.0,1,1,2018,02,27
2018-02-27,5083.0,1,2,2018,02,27
2018-02-28,9134.0,2,1,2018,02,28
2018-02-28,206.0,2,2,2018,02,28
2018-03-01,88.0,3,1,2018,03,01
2018-03-01,2793.0,3,2,2018,03,01
2018-03-02,5726.0,4,2,2018,03,02
2018-03-03,58.0,5,1,2018,03,03
2018-03-03,6613.0,5,2,2018,03,03
2018-03-04,5420.0,6,2,2018,03,04
2018-03-05,3243.0,0,1,2018,03,05
2018-03-05,6885.0,0,2,2018,03,05
2018-03-06,2645.0,1,1,2018,03,06
2018-03-06,8745.0,1,2,2018,03,06
2018-03-07,2821.0,2,1,2018,03,07
2018-03-07,10661.0,2,2,2018,03,07
2018-03-08,2794.0,3,1,2018,03,08
2018-03-08,7692.0,3,2,2018,03,08
2018-03-09,2832.0,4,1,2018,03,09
2018-03-09,14017.0,4,2,2018,03,09
2018-03-10,2348.0,5,1,2018,03,10
2018-03-10,15285.0,5,2,2018,03,10
2018-03-11,1324.0,6,1,2018,03,11
2018-03-11,21050.0,6,2,2018,03,11
2018-03-12,3468.0,0,1,2018,03,12
2018-03-12,33322.0,0,2,2018,03,12
2018-03-13,3023.0,1,1,2018,03,13
2018-03-13,29442.0,1,2,2018,03,13
2018-03-14,3313.0,2,1,2018,03,14
2018-03-14,27574.0,2,2,2018,03,14
2018-03-15,3515.0,3,1,2018,03,15
2018-03-15,33319.0,3,2,2018,03,15
2018-03-16,3888.0,4,1,2018,03,16
2018-03-16,31912.0,4,2,2018,03,16
2018-03-17,4041.0,5,1,2018,03,17
2018-03-17,28397.0,5,2,2018,03,17
2018-03-18,3124.0,6,1,2018,03,18
2018-03-18,27548.0,6,2,2018,03,18
2018-03-19,3576.0,0,1,2018,03,19
2018-03-19,23935.0,0,2,2018,03,19
2018-03-20,2814.0,1,1,2018,03,20
2018-03-20,29543.0,1,2,2018,03,20
2018-03-21,3059.0,2,1,2018,03,21
2018-03-21,27960.0,2,2,2018,03,21
2018-03-22,3143.0,3,1,2018,03,22
2018-03-22,28337.0,3,2,2018,03,22
2018-03-23,3311.0,4,1,2018,03,23
2018-03-23,24437.0,4,2,2018,03,23
2018-03-24,2854.0,5,1,2018,03,24
2018-03-24,24242.0,5,2,2018,03,24
2018-03-25,1655.0,6,1,2018,03,25
2018-03-25,17959.0,6,2,2018,03,25
2018-03-26,3140.0,0,1,2018,03,26
2018-03-26,17734.0,0,2,2018,03,26
2018-03-27,2922.0,1,1,2018,03,27
2018-03-27,17174.0,1,2,2018,03,27
2018-03-28,3128.0,2,1,2018,03,28
2018-03-28,13240.0,2,2,2018,03,28
2018-03-29,3126.0,3,1,2018,03,29
2018-03-29,9144.0,3,2,2018,03,29
2018-03-30,3289.0,4,1,2018,03,30
2018-03-30,3526.0,4,2,2018,03,30
2018-03-31,21885.0,5,1,2018,03,31
2018-03-31,706.0,5,2,2018,03,31
2018-04-01,2.0,6,1,2018,04,01
2018-04-01,1740.0,6,2,2018,04,01
2018-04-02,122.0,0,1,2018,04,02
2018-04-02,3344.0,0,2,2018,04,02
2018-04-03,74.0,1,1,2018,04,03
2018-04-03,4162.0,1,2,2018,04,03
2018-04-04,59.0,2,1,2018,04,04
2018-04-04,4814.0,2,2,2018,04,04
2018-04-05,63.0,3,1,2018,04,05
2018-04-05,4650.0,3,2,2018,04,05
2018-04-06,52.0,4,1,2018,04,06
2018-04-06,5735.0,4,2,2018,04,06
2018-04-07,19.0,5,1,2018,04,07
2018-04-07,5023.0,5,2,2018,04,07
2018-04-08,123.0,6,1,2018,04,08
2018-04-08,5184.0,6,2,2018,04,08
2018-04-09,5891.0,0,1,2018,04,09
2018-04-09,6534.0,0,2,2018,04,09
2018-04-10,100.0,1,1,2018,04,10
2018-04-10,7785.0,1,2,2018,04,10
2018-04-11,3493.0,2,1,2018,04,11
2018-04-11,18096.0,2,2,2018,04,11
2018-04-12,3591.0,3,1,2018,04,12
2018-04-12,24573.0,3,2,2018,04,12
2018-04-13,3490.0,4,1,2018,04,13
2018-04-13,26274.0,4,2,2018,04,13
2018-04-14,2665.0,5,1,2018,04,14
2018-04-14,22332.0,5,2,2018,04,14
2018-04-15,1803.0,6,1,2018,04,15
2018-04-15,16569.0,6,2,2018,04,15
2018-04-16,3544.0,0,1,2018,04,16
2018-04-16,24120.0,0,2,2018,04,16
2018-04-17,3756.0,1,1,2018,04,17
2018-04-17,27611.0,1,2,2018,04,17
2018-04-18,4084.0,2,1,2018,04,18
2018-04-18,28778.0,2,2,2018,04,18
2018-04-19,2772.0,3,1,2018,04,19
2018-04-19,28627.0,3,2,2018,04,19
2018-04-20,2515.0,4,1,2018,04,20
2018-04-20,28869.0,4,2,2018,04,20
2018-04-21,2087.0,5,1,2018,04,21
2018-04-21,27836.0,5,2,2018,04,21
2018-04-22,1037.0,6,1,2018,04,22
2018-04-22,17618.0,6,2,2018,04,22
2018-04-23,3019.0,0,1,2018,04,23
2018-04-23,24008.0,0,2,2018,04,23
2018-04-24,2539.0,1,1,2018,04,24
2018-04-24,25721.0,1,2,2018,04,24
2018-04-25,2634.0,2,1,2018,04,25
2018-04-25,23156.0,2,2,2018,04,25
2018-04-26,2582.0,3,1,2018,04,26
2018-04-26,21582.0,3,2,2018,04,26
2018-04-27,2456.0,4,1,2018,04,27
2018-04-27,16727.0,4,2,2018,04,27
2018-04-28,2046.0,5,1,2018,04,28
2018-04-28,7411.0,5,2,2018,04,28
2018-04-29,1158.0,6,1,2018,04,29
2018-04-29,1284.0,6,2,2018,04,29
2018-04-30,4249.0,0,1,2018,04,30
2018-04-30,710.0,0,2,2018,04,30
2018-05-01,107.0,1,1,2018,05,01
2018-05-01,3712.0,1,2,2018,05,01
2018-05-02,2739.0,2,1,2018,05,02
2018-05-02,5879.0,2,2,2018,05,02
2018-05-03,2528.0,3,1,2018,05,03
2018-05-03,7887.0,3,2,2018,05,03
2018-05-04,2421.0,4,1,2018,05,04
2018-05-04,7686.0,4,2,2018,05,04
2018-05-05,1933.0,5,1,2018,05,05
2018-05-05,7162.0,5,2,2018,05,05
2018-05-06,1084.0,6,1,2018,05,06
2018-05-06,5843.0,6,2,2018,05,06
2018-05-07,3057.0,0,1,2018,05,07
2018-05-07,5969.0,0,2,2018,05,07
2018-05-08,2452.0,1,1,2018,05,08
2018-05-08,7989.0,1,2,2018,05,08
2018-05-09,2590.0,2,1,2018,05,09
2018-05-09,11412.0,2,2,2018,05,09
2018-05-10,2638.0,3,1,2018,05,10
2018-05-10,12916.0,3,2,2018,05,10
2018-05-11,2440.0,4,1,2018,05,11
2018-05-11,17958.0,4,2,2018,05,11
2018-05-12,1852.0,5,1,2018,05,12
2018-05-12,23084.0,5,2,2018,05,12
2018-05-13,1038.0,6,1,2018,05,13
2018-05-13,13879.0,6,2,2018,05,13
2018-05-14,2633.0,0,1,2018,05,14
2018-05-14,27008.0,0,2,2018,05,14
2018-05-15,2607.0,1,1,2018,05,15
2018-05-15,31037.0,1,2,2018,05,15
2018-05-16,2823.0,2,1,2018,05,16
2018-05-16,31103.0,2,2,2018,05,16
2018-05-17,2604.0,3,1,2018,05,17
2018-05-17,33831.0,3,2,2018,05,17
2018-05-18,2599.0,4,1,2018,05,18
2018-05-18,33677.0,4,2,2018,05,18
2018-05-19,2030.0,5,1,2018,05,19
2018-05-19,34026.0,5,2,2018,05,19
2018-05-20,1114.0,6,1,2018,05,20
2018-05-20,29447.0,6,2,2018,05,20
2018-05-21,3033.0,0,1,2018,05,21
2018-05-21,25745.0,0,2,2018,05,21
2018-05-22,2623.0,1,1,2018,05,22
2018-05-22,25687.0,1,2,2018,05,22
2018-05-23,2681.0,2,1,2018,05,23
2018-05-23,24118.0,2,2,2018,05,23
2018-05-24,2713.0,3,1,2018,05,24
2018-05-24,21160.0,3,2,2018,05,24
2018-05-25,2556.0,4,1,2018,05,25
2018-05-25,19544.0,4,2,2018,05,25
2018-05-26,2004.0,5,1,2018,05,26
2018-05-26,18900.0,5,2,2018,05,26
2018-05-27,1014.0,6,1,2018,05,27
2018-05-27,15801.0,6,2,2018,05,27
2018-05-28,2871.0,0,1,2018,05,28
2018-05-28,12321.0,0,2,2018,05,28
2018-05-29,2597.0,1,1,2018,05,29
2018-05-29,7573.0,1,2,2018,05,29
2018-05-30,2559.0,2,1,2018,05,30
2018-05-30,2546.0,2,2,2018,05,30
2018-05-31,4379.0,3,1,2018,05,31
2018-05-31,2171.0,3,2,2018,05,31
2018-06-01,327.0,4,1,2018,06,01
2018-06-01,8306.0,4,2,2018,06,01
2018-06-02,1964.0,5,1,2018,06,02
2018-06-02,10620.0,5,2,2018,06,02
2018-06-03,1054.0,6,1,2018,06,03
2018-06-03,5286.0,6,2,2018,06,03
2018-06-04,3234.0,0,1,2018,06,04
2018-06-04,10754.0,0,2,2018,06,04
2018-06-05,3150.0,1,1,2018,06,05
2018-06-05,9934.0,1,2,2018,06,05
2018-06-06,3228.0,2,1,2018,06,06
2018-06-06,10487.0,2,2,2018,06,06
2018-06-07,3232.0,3,1,2018,06,07
2018-06-07,11064.0,3,2,2018,06,07
2018-06-08,3169.0,4,1,2018,06,08
2018-06-08,10305.0,4,2,2018,06,08
2018-06-09,2663.0,5,1,2018,06,09
2018-06-09,13238.0,5,2,2018,06,09
2018-06-10,1620.0,6,1,2018,06,10
2018-06-10,8659.0,6,2,2018,06,10
2018-06-11,3913.0,0,1,2018,06,11
2018-06-11,21767.0,0,2,2018,06,11
2018-06-12,3571.0,1,1,2018,06,12
2018-06-12,31298.0,1,2,2018,06,12
2018-06-13,4161.0,2,1,2018,06,13
2018-06-13,34090.0,2,2,2018,06,13
2018-06-14,4532.0,3,1,2018,06,14
2018-06-14,33836.0,3,2,2018,06,14
2018-06-15,4756.0,4,1,2018,06,15
2018-06-15,32713.0,4,2,2018,06,15
2018-06-16,2377.0,5,1,2018,06,16
2018-06-16,30218.0,5,2,2018,06,16
2018-06-17,1555.0,6,1,2018,06,17
2018-06-17,20232.0,6,2,2018,06,17
2018-06-18,3907.0,0,1,2018,06,18
2018-06-18,24126.0,0,2,2018,06,18
2018-06-19,3272.0,1,1,2018,06,19
2018-06-19,33984.0,1,2,2018,06,19
2018-06-20,3454.0,2,1,2018,06,20
2018-06-20,33705.0,2,2,2018,06,20
2018-06-21,3357.0,3,1,2018,06,21
2018-06-21,35131.0,3,2,2018,06,21
2018-06-22,3569.0,4,1,2018,06,22
2018-06-22,30146.0,4,2,2018,06,22
2018-06-23,2619.0,5,1,2018,06,23
2018-06-23,26395.0,5,2,2018,06,23
2018-06-24,1309.0,6,1,2018,06,24
2018-06-24,23288.0,6,2,2018,06,24
2018-06-25,3405.0,0,1,2018,06,25
2018-06-25,23522.0,0,2,2018,06,25
2018-06-26,1903.0,1,1,2018,06,26
2018-06-26,25559.0,1,2,2018,06,26
2018-06-27,3317.0,2,1,2018,06,27
2018-06-27,22510.0,2,2,2018,06,27
2018-06-28,3646.0,3,1,2018,06,28
2018-06-28,14649.0,3,2,2018,06,28
2018-06-29,3131.0,4,1,2018,06,29
2018-06-29,4259.0,4,2,2018,06,29
2018-06-30,3873.0,5,1,2018,06,30
2018-06-30,992.0,5,2,2018,06,30
2018-07-01,138.0,6,1,2018,07,01
2018-07-01,3727.0,6,2,2018,07,01
2018-07-02,3290.0,0,1,2018,07,02
2018-07-02,6927.0,0,2,2018,07,02
2018-07-03,2974.0,1,1,2018,07,03
2018-07-03,8809.0,1,2,2018,07,03
2018-07-04,3057.0,2,1,2018,07,04
2018-07-04,11010.0,2,2,2018,07,04
2018-07-05,2934.0,3,1,2018,07,05
2018-07-05,8245.0,3,2,2018,07,05
2018-07-06,2890.0,4,1,2018,07,06
2018-07-06,11235.0,4,2,2018,07,06
2018-07-07,2320.0,5,1,2018,07,07
2018-07-07,10448.0,5,2,2018,07,07
2018-07-08,1301.0,6,1,2018,07,08
2018-07-08,8277.0,6,2,2018,07,08
2018-07-09,3561.0,0,1,2018,07,09
2018-07-09,10980.0,0,2,2018,07,09
2018-07-10,3062.0,1,1,2018,07,10
2018-07-10,13198.0,1,2,2018,07,10
2018-07-11,3319.0,2,1,2018,07,11
2018-07-11,21685.0,2,2,2018,07,11
2018-07-12,3191.0,3,1,2018,07,12
2018-07-12,29243.0,3,2,2018,07,12
2018-07-13,3486.0,4,1,2018,07,13
2018-07-13,30026.0,4,2,2018,07,13
2018-07-14,2883.0,5,1,2018,07,14
2018-07-14,31460.0,5,2,2018,07,14
2018-07-15,1145.0,6,1,2018,07,15
2018-07-15,16686.0,6,2,2018,07,15
2018-07-16,3265.0,0,1,2018,07,16
2018-07-16,37253.0,0,2,2018,07,16
2018-07-17,2800.0,1,1,2018,07,17
2018-07-17,34807.0,1,2,2018,07,17
2018-07-18,3066.0,2,1,2018,07,18
2018-07-18,28120.0,2,2,2018,07,18
2018-07-19,2903.0,3,1,2018,07,19
2018-07-19,43340.0,3,2,2018,07,19
2018-07-20,2696.0,4,1,2018,07,20
2018-07-20,33773.0,4,2,2018,07,20
2018-07-21,2021.0,5,1,2018,07,21
2018-07-21,35356.0,5,2,2018,07,21
2018-07-22,1205.0,6,1,2018,07,22
2018-07-22,17673.0,6,2,2018,07,22
2018-07-23,3280.0,0,1,2018,07,23
2018-07-23,31838.0,0,2,2018,07,23
2018-07-24,2598.0,1,1,2018,07,24
2018-07-24,28571.0,1,2,2018,07,24
2018-07-25,2889.0,2,1,2018,07,25
2018-07-25,27377.0,2,2,2018,07,25
2018-07-26,2793.0,3,1,2018,07,26
2018-07-26,25149.0,3,2,2018,07,26
2018-07-27,2798.0,4,1,2018,07,27
2018-07-27,25880.0,4,2,2018,07,27
2018-07-28,2215.0,5,1,2018,07,28
2018-07-28,20478.0,5,2,2018,07,28
2018-07-29,1176.0,6,1,2018,07,29
2018-07-29,7236.0,6,2,2018,07,29
2018-07-30,3485.0,0,1,2018,07,30
2018-07-30,3462.0,0,2,2018,07,30
2018-07-31,5856.0,1,1,2018,07,31
2018-07-31,1607.0,1,2,2018,07,31
2018-08-01,2885.0,2,1,2018,08,01
2018-08-01,10898.0,2,2,2018,08,01
2018-08-02,110.0,3,1,2018,08,02
2018-08-02,11864.0,3,2,2018,08,02
2018-08-03,3043.0,4,1,2018,08,03
2018-08-03,9683.0,4,2,2018,08,03
2018-08-04,2362.0,5,1,2018,08,04
2018-08-04,9372.0,5,2,2018,08,04
2018-08-05,1161.0,6,1,2018,08,05
2018-08-05,6488.0,6,2,2018,08,05
2018-08-06,3419.0,0,1,2018,08,06
2018-08-06,8227.0,0,2,2018,08,06
2018-08-07,2923.0,1,1,2018,08,07
2018-08-07,9244.0,1,2,2018,08,07
2018-08-08,2961.0,2,1,2018,08,08
2018-08-08,9261.0,2,2,2018,08,08
2018-08-09,2754.0,3,1,2018,08,09
2018-08-09,8855.0,3,2,2018,08,09
2018-08-10,3220.0,4,1,2018,08,10
2018-08-10,12539.0,4,2,2018,08,10
2018-08-11,2542.0,5,1,2018,08,11
2018-08-11,4300.0,5,2,2018,08,11
2018-08-12,1507.0,6,1,2018,08,12
2018-08-12,18688.0,6,2,2018,08,12
2018-08-13,4220.0,0,1,2018,08,13
2018-08-13,36414.0,0,2,2018,08,13
2018-08-14,3854.0,1,1,2018,08,14
2018-08-14,35203.0,1,2,2018,08,14
2018-08-15,2417.0,2,1,2018,08,15
2018-08-15,22742.0,2,2,2018,08,15
2018-08-16,3728.0,3,1,2018,08,16
2018-08-16,32198.0,3,2,2018,08,16
2018-08-17,3208.0,4,1,2018,08,17
2018-08-17,35614.0,4,2,2018,08,17
2018-08-18,2888.0,5,1,2018,08,18
2018-08-18,32186.0,5,2,2018,08,18
2018-08-19,1449.0,6,1,2018,08,19
2018-08-19,19893.0,6,2,2018,08,19
2018-08-20,4136.0,0,1,2018,08,20
2018-08-20,34198.0,0,2,2018,08,20
2018-08-21,3638.0,1,1,2018,08,21
2018-08-21,31668.0,1,2,2018,08,21
2018-08-22,2812.0,2,1,2018,08,22
2018-08-22,28036.0,2,2,2018,08,22
2018-08-23,3300.0,3,1,2018,08,23
2018-08-23,27028.0,3,2,2018,08,23
2018-08-24,3664.0,4,1,2018,08,24
2018-08-24,22930.0,4,2,2018,08,24
2018-08-25,3090.0,5,1,2018,08,25
2018-08-25,21752.0,5,2,2018,08,25
2018-08-26,1782.0,6,1,2018,08,26
2018-08-26,11675.0,6,2,2018,08,26
2018-08-27,3423.0,0,1,2018,08,27
2018-08-27,15361.0,0,2,2018,08,27
2018-08-28,2952.0,1,1,2018,08,28
2018-08-28,18436.0,1,2,2018,08,28
2018-08-29,3290.0,2,1,2018,08,29
2018-08-29,14657.0,2,2,2018,08,29
2018-08-30,3904.0,3,1,2018,08,30
2018-08-30,7334.0,3,2,2018,08,30
2018-08-31,6433.0,4,1,2018,08,31
2018-08-31,1591.0,4,2,2018,08,31
2018-09-01,1362.0,5,1,2018,09,01
2018-09-01,7435.0,5,2,2018,09,01
2018-09-02,31.0,6,1,2018,09,02
2018-09-02,7070.0,6,2,2018,09,02
2018-09-03,3324.0,0,1,2018,09,03
2018-09-03,8344.0,0,2,2018,09,03
2018-09-04,2693.0,1,1,2018,09,04
2018-09-04,8903.0,1,2,2018,09,04
2018-09-05,3018.0,2,1,2018,09,05
2018-09-05,7935.0,2,2,2018,09,05
2018-09-06,3002.0,3,1,2018,09,06
2018-09-06,8243.0,3,2,2018,09,06
2018-09-07,2950.0,4,1,2018,09,07
2018-09-07,8039.0,4,2,2018,09,07
2018-09-08,2544.0,5,1,2018,09,08
2018-09-08,8235.0,5,2,2018,09,08
2018-09-09,1454.0,6,1,2018,09,09
2018-09-09,7486.0,6,2,2018,09,09
2018-09-10,2429.0,0,1,2018,09,10
2018-09-10,12337.0,0,2,2018,09,10
2018-09-11,3755.0,1,1,2018,09,11
2018-09-11,22597.0,1,2,2018,09,11
2018-09-12,4671.0,2,1,2018,09,12
2018-09-12,24698.0,2,2,2018,09,12
2018-09-13,4232.0,3,1,2018,09,13
2018-09-13,26515.0,3,2,2018,09,13
2018-09-14,3693.0,4,1,2018,09,14
2018-09-14,28799.0,4,2,2018,09,14
2018-09-15,2992.0,5,1,2018,09,15
2018-09-15,32948.0,5,2,2018,09,15
2018-09-16,2270.0,6,1,2018,09,16
2018-09-16,16613.0,6,2,2018,09,16
2018-09-17,3517.0,0,1,2018,09,17
2018-09-17,31937.0,0,2,2018,09,17
2018-09-18,3335.0,1,1,2018,09,18
2018-09-18,30480.0,1,2,2018,09,18
2018-09-19,3568.0,2,1,2018,09,19
2018-09-19,31858.0,2,2,2018,09,19
2018-09-20,3280.0,3,1,2018,09,20
2018-09-20,32923.0,3,2,2018,09,20
2018-09-21,3066.0,4,1,2018,09,21
2018-09-21,31539.0,4,2,2018,09,21
2018-09-22,2669.0,5,1,2018,09,22
2018-09-22,29920.0,5,2,2018,09,22
2018-09-23,1947.0,6,1,2018,09,23
2018-09-23,19573.0,6,2,2018,09,23
2018-09-24,3270.0,0,1,2018,09,24
2018-09-24,25115.0,0,2,2018,09,24
2018-09-25,2837.0,1,1,2018,09,25
2018-09-25,27803.0,1,2,2018,09,25
2018-09-26,2669.0,2,1,2018,09,26
2018-09-26,26997.0,2,2,2018,09,26
2018-09-27,2882.0,3,1,2018,09,27
2018-09-27,22346.0,3,2,2018,09,27
2018-09-28,3114.0,4,1,2018,09,28
2018-09-28,17007.0,4,2,2018,09,28
2018-09-29,3125.0,5,1,2018,09,29
2018-09-29,4076.0,5,2,2018,09,29
2018-09-30,5002.0,6,1,2018,09,30
2018-09-30,898.0,6,2,2018,09,30
2018-10-01,2459.0,0,1,2018,10,01
2018-10-01,8395.0,0,2,2018,10,01
2018-10-02,63.0,1,1,2018,10,02
2018-10-02,8501.0,1,2,2018,10,02
2018-10-03,3197.0,2,1,2018,10,03
2018-10-03,7184.0,2,2,2018,10,03
2018-10-04,3070.0,3,1,2018,10,04
2018-10-04,8353.0,3,2,2018,10,04
2018-10-05,3345.0,4,1,2018,10,05
2018-10-05,8106.0,4,2,2018,10,05
2018-10-06,2917.0,5,1,2018,10,06
2018-10-06,8430.0,5,2,2018,10,06
2018-10-07,2217.0,6,1,2018,10,07
2018-10-07,6754.0,6,2,2018,10,07
2018-10-08,4324.0,0,1,2018,10,08
2018-10-08,8824.0,0,2,2018,10,08
2018-10-09,4567.0,1,1,2018,10,09
2018-10-09,10041.0,1,2,2018,10,09
2018-10-10,6574.0,2,1,2018,10,10
2018-10-10,12560.0,2,2,2018,10,10
2018-10-11,5829.0,3,1,2018,10,11
2018-10-11,26243.0,3,2,2018,10,11
2018-10-12,6026.0,4,1,2018,10,12
2018-10-12,31719.0,4,2,2018,10,12
2018-10-13,5064.0,5,1,2018,10,13
2018-10-13,31738.0,5,2,2018,10,13
2018-10-14,5184.0,6,1,2018,10,14
2018-10-14,19703.0,6,2,2018,10,14
2018-10-15,7700.0,0,1,2018,10,15
2018-10-15,30276.0,0,2,2018,10,15
2018-10-16,7420.0,1,1,2018,10,16
2018-10-16,27595.0,1,2,2018,10,16
2018-10-17,7909.0,2,1,2018,10,17
2018-10-17,22652.0,2,2,2018,10,17
2018-10-18,6828.0,3,1,2018,10,18
2018-10-18,13860.0,3,2,2018,10,18
2018-10-19,4148.0,4,1,2018,10,19
2018-10-19,11845.0,4,2,2018,10,19
2018-10-20,2888.0,5,1,2018,10,20
2018-10-20,18717.0,5,2,2018,10,20
2018-10-21,2106.0,6,1,2018,10,21
2018-10-21,14740.0,6,2,2018,10,21
2018-10-22,4574.0,0,1,2018,10,22
2018-10-22,26766.0,0,2,2018,10,22
2018-10-23,3940.0,1,1,2018,10,23
2018-10-23,30504.0,1,2,2018,10,23
2018-10-24,4727.0,2,1,2018,10,24
2018-10-24,31334.0,2,2,2018,10,24
2018-10-25,4044.0,3,1,2018,10,25
2018-10-25,28564.0,3,2,2018,10,25
2018-10-26,4311.0,4,1,2018,10,26
2018-10-26,29134.0,4,2,2018,10,26
2018-10-27,3644.0,5,1,2018,10,27
2018-10-27,23610.0,5,2,2018,10,27
2018-10-28,3037.0,6,1,2018,10,28
2018-10-28,17447.0,6,2,2018,10,28
2018-10-29,5309.0,0,1,2018,10,29
2018-10-29,13299.0,0,2,2018,10,29
2018-10-30,5358.0,1,1,2018,10,30
2018-10-30,5133.0,1,2,2018,10,30
2018-10-31,18580.0,2,1,2018,10,31
2018-10-31,1916.0,2,2,2018,10,31
2018-11-01,246.0,3,1,2018,11,01
2018-11-01,7665.0,3,2,2018,11,01
2018-11-02,280.0,4,1,2018,11,02
2018-11-02,6153.0,4,2,2018,11,02
2018-11-03,7962.0,5,1,2018,11,03
2018-11-03,5285.0,5,2,2018,11,03
2018-11-04,9533.0,6,1,2018,11,04
2018-11-04,4569.0,6,2,2018,11,04
2018-11-05,12517.0,0,1,2018,11,05
2018-11-05,3466.0,0,2,2018,11,05
2018-11-06,10998.0,1,1,2018,11,06
2018-11-06,3044.0,1,2,2018,11,06
2018-11-07,10393.0,2,1,2018,11,07
2018-11-07,2245.0,2,2,2018,11,07
2018-11-08,5244.0,3,1,2018,11,08
2018-11-08,3374.0,3,2,2018,11,08
2018-11-09,4690.0,4,1,2018,11,09
2018-11-09,4811.0,4,2,2018,11,09
2018-11-10,3336.0,5,1,2018,11,10
2018-11-10,7920.0,5,2,2018,11,10
2018-11-11,1895.0,6,1,2018,11,11
2018-11-11,10556.0,6,2,2018,11,11
2018-11-12,5253.0,0,1,2018,11,12
2018-11-12,19627.0,0,2,2018,11,12
2018-11-13,4162.0,1,1,2018,11,13
2018-11-13,22386.0,1,2,2018,11,13
2018-11-14,4090.0,2,1,2018,11,14
2018-11-14,23788.0,2,2,2018,11,14
2018-11-15,3237.0,3,1,2018,11,15
2018-11-15,26869.0,3,2,2018,11,15
2018-11-16,3590.0,4,1,2018,11,16
2018-11-16,25435.0,4,2,2018,11,16
2018-11-17,2855.0,5,1,2018,11,17
2018-11-17,29369.0,5,2,2018,11,17
2018-11-18,1591.0,6,1,2018,11,18
2018-11-18,19196.0,6,2,2018,11,18
2018-11-19,4528.0,0,1,2018,11,19
2018-11-19,28964.0,0,2,2018,11,19
2018-11-20,3436.0,1,1,2018,11,20
2018-11-20,29229.0,1,2,2018,11,20
2018-11-21,3466.0,2,1,2018,11,21
2018-11-21,28858.0,2,2,2018,11,21
2018-11-22,3390.0,3,1,2018,11,22
2018-11-22,27428.0,3,2,2018,11,22
2018-11-23,3556.0,4,1,2018,11,23
2018-11-23,24909.0,4,2,2018,11,23
2018-11-24,2469.0,5,1,2018,11,24
2018-11-24,24745.0,5,2,2018,11,24
2018-11-25,1346.0,6,1,2018,11,25
2018-11-25,15535.0,6,2,2018,11,25
2018-11-26,3530.0,0,1,2018,11,26
2018-11-26,24801.0,0,2,2018,11,26
2018-11-27,3056.0,1,1,2018,11,27
2018-11-27,24264.0,1,2,2018,11,27
2018-11-28,3286.0,2,1,2018,11,28
2018-11-28,17303.0,2,2,2018,11,28
2018-11-29,3251.0,3,1,2018,11,29
2018-11-29,6192.0,3,2,2018,11,29
2018-11-30,5135.0,4,1,2018,11,30
2018-11-30,1309.0,4,2,2018,11,30
2018-12-01,624.0,5,1,2018,12,01
2018-12-01,7885.0,5,2,2018,12,01
2018-12-02,692.0,6,1,2018,12,02
2018-12-02,4642.0,6,2,2018,12,02
2018-12-03,3455.0,0,1,2018,12,03
2018-12-03,4863.0,0,2,2018,12,03
2018-12-04,2965.0,1,1,2018,12,04
2018-12-04,5702.0,1,2,2018,12,04
2018-12-05,2891.0,2,1,2018,12,05
2018-12-05,4461.0,2,2,2018,12,05
2018-12-06,2974.0,3,1,2018,12,06
2018-12-06,5192.0,3,2,2018,12,06
2018-12-07,2743.0,4,1,2018,12,07
2018-12-07,5580.0,4,2,2018,12,07
2018-12-08,2194.0,5,1,2018,12,08
2018-12-08,6255.0,5,2,2018,12,08
2018-12-09,1227.0,6,1,2018,12,09
2018-12-09,4736.0,6,2,2018,12,09
2018-12-10,3281.0,0,1,2018,12,10
2018-12-10,7111.0,0,2,2018,12,10
2018-12-11,2894.0,1,1,2018,12,11
2018-12-11,22447.0,1,2,2018,12,11
2018-12-12,3018.0,2,1,2018,12,12
2018-12-12,27006.0,2,2,2018,12,12
2018-12-13,2987.0,3,1,2018,12,13
2018-12-13,29512.0,3,2,2018,12,13
2018-12-14,3050.0,4,1,2018,12,14
2018-12-14,29255.0,4,2,2018,12,14
2018-12-15,1911.0,5,1,2018,12,15
2018-12-15,28818.0,5,2,2018,12,15
2018-12-16,1157.0,6,1,2018,12,16
2018-12-16,16784.0,6,2,2018,12,16
2018-12-17,3250.0,0,1,2018,12,17
2018-12-17,31959.0,0,2,2018,12,17
2018-12-18,2602.0,1,1,2018,12,18
2018-12-18,30828.0,1,2,2018,12,18
2018-12-19,2989.0,2,1,2018,12,19
2018-12-19,32024.0,2,2,2018,12,19
2018-12-20,2878.0,3,1,2018,12,20
2018-12-20,33782.0,3,2,2018,12,20
2018-12-21,2887.0,4,1,2018,12,21
2018-12-21,30829.0,4,2,2018,12,21
2018-12-22,2230.0,5,1,2018,12,22
2018-12-22,29914.0,5,2,2018,12,22
2018-12-23,1290.0,6,1,2018,12,23
2018-12-23,17015.0,6,2,2018,12,23
2018-12-24,3464.0,0,1,2018,12,24
2018-12-24,22621.0,0,2,2018,12,24
2018-12-25,2848.0,1,1,2018,12,25
2018-12-25,18225.0,1,2,2018,12,25
2018-12-26,2832.0,2,1,2018,12,26
2018-12-26,20953.0,2,2,2018,12,26
2018-12-27,3026.0,3,1,2018,12,27
2018-12-27,20222.0,3,2,2018,12,27
2018-12-28,3203.0,4,1,2018,12,28
2018-12-28,15611.0,4,2,2018,12,28
2018-12-29,2709.0,5,1,2018,12,29
2018-12-29,9341.0,5,2,2018,12,29
2018-12-30,1906.0,6,1,2018,12,30
2018-12-30,2873.0,6,2,2018,12,30
2018-12-31,8116.0,0,1,2018,12,31
2018-12-31,2159.0,0,2,2018,12,31
2019-01-01,125.0,1,1,2019,01,01
2019-01-01,4408.0,1,2,2019,01,01
2019-01-02,3946.0,2,1,2019,01,02
2019-01-02,6594.0,2,2,2019,01,02
2019-01-03,3519.0,3,1,2019,01,03
2019-01-03,6009.0,3,2,2019,01,03
2019-01-04,3198.0,4,1,2019,01,04
2019-01-04,6723.0,4,2,2019,01,04
2019-01-05,2285.0,5,1,2019,01,05
2019-01-05,6306.0,5,2,2019,01,05
2019-01-06,1462.0,6,1,2019,01,06
2019-01-06,5596.0,6,2,2019,01,06
2019-01-07,3132.0,0,1,2019,01,07
2019-01-07,6452.0,0,2,2019,01,07
2019-01-08,3062.0,1,1,2019,01,08
2019-01-08,8424.0,1,2,2019,01,08
2019-01-09,3192.0,2,1,2019,01,09
2019-01-09,8566.0,2,2,2019,01,09
2019-01-10,3377.0,3,1,2019,01,10
2019-01-10,8994.0,3,2,2019,01,10
2019-01-11,3316.0,4,1,2019,01,11
2019-01-11,23316.0,4,2,2019,01,11
2019-01-12,2865.0,5,1,2019,01,12
2019-01-12,26872.0,5,2,2019,01,12
2019-01-13,1815.0,6,1,2019,01,13
2019-01-13,17030.0,6,2,2019,01,13
2019-01-14,3582.0,0,1,2019,01,14
2019-01-14,20761.0,0,2,2019,01,14
2019-01-15,3126.0,1,1,2019,01,15
2019-01-15,15144.0,1,2,2019,01,15
2019-01-16,3779.0,2,1,2019,01,16
2019-01-16,19468.0,2,2,2019,01,16
2019-01-17,3628.0,3,1,2019,01,17
2019-01-17,25795.0,3,2,2019,01,17
2019-01-18,3684.0,4,1,2019,01,18
2019-01-18,30316.0,4,2,2019,01,18
2019-01-19,2847.0,5,1,2019,01,19
2019-01-19,31483.0,5,2,2019,01,19
2019-01-20,1712.0,6,1,2019,01,20
2019-01-20,22180.0,6,2,2019,01,20
2019-01-21,4085.0,0,1,2019,01,21
2019-01-21,31569.0,0,2,2019,01,21
2019-01-22,3250.0,1,1,2019,01,22
2019-01-22,33126.0,1,2,2019,01,22
2019-01-23,3522.0,2,1,2019,01,23
2019-01-23,30138.0,2,2,2019,01,23
2019-01-24,3309.0,3,1,2019,01,24
2019-01-24,28514.0,3,2,2019,01,24
2019-01-25,3473.0,4,1,2019,01,25
2019-01-25,25944.0,4,2,2019,01,25
2019-01-26,1696.0,5,1,2019,01,26
2019-01-26,19469.0,5,2,2019,01,26
2019-01-27,1349.0,6,1,2019,01,27
2019-01-27,17067.0,6,2,2019,01,27
2019-01-28,3746.0,0,1,2019,01,28
2019-01-28,20619.0,0,2,2019,01,28
2019-01-29,2736.0,1,1,2019,01,29
2019-01-29,17872.0,1,2,2019,01,29
2019-01-30,3415.0,2,1,2019,01,30
2019-01-30,7627.0,2,2,2019,01,30
2019-01-31,5981.0,3,1,2019,01,31
2019-01-31,2177.0,3,2,2019,01,31
2019-02-01,223.0,4,1,2019,02,01
2019-02-01,9130.0,4,2,2019,02,01
2019-02-02,2407.0,5,1,2019,02,02
2019-02-02,8096.0,5,2,2019,02,02
2019-02-03,1590.0,6,1,2019,02,03
2019-02-03,4482.0,6,2,2019,02,03
2019-02-04,3835.0,0,1,2019,02,04
2019-02-04,5101.0,0,2,2019,02,04
2019-02-05,3301.0,1,1,2019,02,05
2019-02-05,4987.0,1,2,2019,02,05
2019-02-06,3634.0,2,1,2019,02,06
2019-02-06,5957.0,2,2,2019,02,06
2019-02-07,3176.0,3,1,2019,02,07
2019-02-07,5825.0,3,2,2019,02,07
2019-02-08,5498.0,4,1,2019,02,08
2019-02-08,6251.0,4,2,2019,02,08
2019-02-09,336.0,5,1,2019,02,09
2019-02-09,5710.0,5,2,2019,02,09
2019-02-10,1862.0,6,1,2019,02,10
2019-02-10,4874.0,6,2,2019,02,10
2019-02-11,3766.0,0,1,2019,02,11
2019-02-11,16196.0,0,2,2019,02,11
2019-02-12,3317.0,1,1,2019,02,12
2019-02-12,17511.0,1,2,2019,02,12
2019-02-13,2764.0,2,1,2019,02,13
2019-02-13,27089.0,2,2,2019,02,13
2019-02-14,3327.0,3,1,2019,02,14
2019-02-14,30824.0,3,2,2019,02,14
2019-02-15,3371.0,4,1,2019,02,15
2019-02-15,29520.0,4,2,2019,02,15
2019-02-16,2407.0,5,1,2019,02,16
2019-02-16,31478.0,5,2,2019,02,16
2019-02-17,1634.0,6,1,2019,02,17
2019-02-17,18868.0,6,2,2019,02,17
2019-02-18,3531.0,0,1,2019,02,18
2019-02-18,28760.0,0,2,2019,02,18
2019-02-19,3423.0,1,1,2019,02,19
2019-02-19,30809.0,1,2,2019,02,19
2019-02-20,3250.0,2,1,2019,02,20
2019-02-20,30903.0,2,2,2019,02,20
2019-02-21,3167.0,3,1,2019,02,21
2019-02-21,30438.0,3,2,2019,02,21
2019-02-22,3127.0,4,1,2019,02,22
2019-02-22,26837.0,4,2,2019,02,22
2019-02-23,1980.0,5,1,2019,02,23
2019-02-23,25349.0,5,2,2019,02,23
2019-02-24,1519.0,6,1,2019,02,24
2019-02-24,17246.0,6,2,2019,02,24
2019-02-25,3704.0,0,1,2019,02,25
2019-02-25,22012.0,0,2,2019,02,25
2019-02-26,2985.0,1,1,2019,02,26
2019-02-26,22168.0,1,2,2019,02,26
2019-02-27,3324.0,2,1,2019,02,27
2019-02-27,12670.0,2,2,2019,02,27
2019-02-28,5196.0,3,1,2019,02,28
2019-02-28,2300.0,3,2,2019,02,28
2019-03-01,2607.0,4,1,2019,03,01
2019-03-01,7079.0,4,2,2019,03,01
2019-03-02,533.0,5,1,2019,03,02
2019-03-02,6662.0,5,2,2019,03,02
2019-03-03,1619.0,6,1,2019,03,03
2019-03-03,4388.0,6,2,2019,03,03
2019-03-04,4596.0,0,1,2019,03,04
2019-03-04,5229.0,0,2,2019,03,04
2019-03-05,2947.0,1,1,2019,03,05
2019-03-05,4933.0,1,2,2019,03,05
2019-03-06,3163.0,2,1,2019,03,06
2019-03-06,5747.0,2,2,2019,03,06
2019-03-07,3189.0,3,1,2019,03,07
2019-03-07,7105.0,3,2,2019,03,07
2019-03-08,3488.0,4,1,2019,03,08
2019-03-08,8782.0,4,2,2019,03,08
2019-03-09,2491.0,5,1,2019,03,09
2019-03-09,7835.0,5,2,2019,03,09
2019-03-10,1526.0,6,1,2019,03,10
2019-03-10,7242.0,6,2,2019,03,10
2019-03-11,3968.0,0,1,2019,03,11
2019-03-11,20922.0,0,2,2019,03,11
2019-03-12,3461.0,1,1,2019,03,12
2019-03-12,31879.0,1,2,2019,03,12
2019-03-13,3535.0,2,1,2019,03,13
2019-03-13,34588.0,2,2,2019,03,13
2019-03-14,3269.0,3,1,2019,03,14
2019-03-14,38345.0,3,2,2019,03,14
2019-03-15,3418.0,4,1,2019,03,15
2019-03-15,36212.0,4,2,2019,03,15
2019-03-16,2341.0,5,1,2019,03,16
2019-03-16,34031.0,5,2,2019,03,16
2019-03-17,1869.0,6,1,2019,03,17
2019-03-17,26901.0,6,2,2019,03,17
2019-03-18,4233.0,0,1,2019,03,18
2019-03-18,31358.0,0,2,2019,03,18
2019-03-19,3609.0,1,1,2019,03,19
2019-03-19,34886.0,1,2,2019,03,19
2019-03-20,3885.0,2,1,2019,03,20
2019-03-20,28774.0,2,2,2019,03,20
2019-03-21,1357.0,3,1,2019,03,21
2019-03-21,21543.0,3,2,2019,03,21
2019-03-22,3032.0,4,1,2019,03,22
2019-03-22,26322.0,4,2,2019,03,22
2019-03-23,2790.0,5,1,2019,03,23
2019-03-23,32255.0,5,2,2019,03,23
2019-03-24,1723.0,6,1,2019,03,24
2019-03-24,30927.0,6,2,2019,03,24
2019-03-25,3996.0,0,1,2019,03,25
2019-03-25,29637.0,0,2,2019,03,25
2019-03-26,3474.0,1,1,2019,03,26
2019-03-26,33167.0,1,2,2019,03,26
2019-03-27,3593.0,2,1,2019,03,27
2019-03-27,32126.0,2,2,2019,03,27
2019-03-28,3439.0,3,1,2019,03,28
2019-03-28,30723.0,3,2,2019,03,28
2019-03-29,3528.0,4,1,2019,03,29
2019-03-29,26324.0,4,2,2019,03,29
2019-03-30,3063.0,5,1,2019,03,30
2019-03-30,11251.0,5,2,2019,03,30
2019-03-31,4871.0,6,1,2019,03,31
2019-03-31,1357.0,6,2,2019,03,31
2019-04-01,772.0,0,1,2019,04,01
2019-04-01,4097.0,0,2,2019,04,01
2019-04-02,3164.0,1,1,2019,04,02
2019-04-02,4811.0,1,2,2019,04,02
2019-04-03,3880.0,2,1,2019,04,03
2019-04-03,4022.0,2,2,2019,04,03
2019-04-04,3742.0,3,1,2019,04,04
2019-04-04,4086.0,3,2,2019,04,04
2019-04-05,4424.0,4,1,2019,04,05
2019-04-05,3828.0,4,2,2019,04,05
2019-04-06,4187.0,5,1,2019,04,06
2019-04-06,3038.0,5,2,2019,04,06
2019-04-07,2030.0,6,1,2019,04,07
2019-04-07,3233.0,6,2,2019,04,07
2019-04-08,4308.0,0,1,2019,04,08
2019-04-08,3647.0,0,2,2019,04,08
2019-04-09,3150.0,1,1,2019,04,09
2019-04-09,4843.0,1,2,2019,04,09
2019-04-10,3672.0,2,1,2019,04,10
2019-04-10,6612.0,2,2,2019,04,10
2019-04-11,3087.0,3,1,2019,04,11
2019-04-11,16480.0,3,2,2019,04,11
2019-04-12,3887.0,4,1,2019,04,12
2019-04-12,20638.0,4,2,2019,04,12
2019-04-13,3102.0,5,1,2019,04,13
2019-04-13,24950.0,5,2,2019,04,13
2019-04-14,1925.0,6,1,2019,04,14
2019-04-14,12093.0,6,2,2019,04,14
2019-04-15,3477.0,0,1,2019,04,15
2019-04-15,22101.0,0,2,2019,04,15
2019-04-16,2856.0,1,1,2019,04,16
2019-04-16,25680.0,1,2,2019,04,16
2019-04-17,3251.0,2,1,2019,04,17
2019-04-17,27849.0,2,2,2019,04,17
2019-04-18,2602.0,3,1,2019,04,18
2019-04-18,18712.0,3,2,2019,04,18
2019-04-19,3271.0,4,1,2019,04,19
2019-04-19,25054.0,4,2,2019,04,19
2019-04-20,2125.0,5,1,2019,04,20
2019-04-20,24209.0,5,2,2019,04,20
2019-04-21,1406.0,6,1,2019,04,21
2019-04-21,17086.0,6,2,2019,04,21
2019-04-22,3629.0,0,1,2019,04,22
2019-04-22,29305.0,0,2,2019,04,22
2019-04-23,2445.0,1,1,2019,04,23
2019-04-23,23980.0,1,2,2019,04,23
2019-04-24,3171.0,2,1,2019,04,24
2019-04-24,27052.0,2,2,2019,04,24
2019-04-25,2951.0,3,1,2019,04,25
2019-04-25,26691.0,3,2,2019,04,25
2019-04-26,2910.0,4,1,2019,04,26
2019-04-26,24811.0,4,2,2019,04,26
2019-04-27,2160.0,5,1,2019,04,27
2019-04-27,22324.0,5,2,2019,04,27
2019-04-28,1350.0,6,1,2019,04,28
2019-04-28,14656.0,6,2,2019,04,28
2019-04-29,3274.0,0,1,2019,04,29
2019-04-29,7582.0,0,2,2019,04,29
2019-04-30,2425.0,1,1,2019,04,30
2019-04-30,1235.0,1,2,2019,04,30
2019-05-01,2317.0,2,1,2019,05,01
2019-05-01,3992.0,2,2,2019,05,01
2019-05-02,3383.0,3,1,2019,05,02
2019-05-02,4997.0,3,2,2019,05,02
2019-05-03,3025.0,4,1,2019,05,03
2019-05-03,4042.0,4,2,2019,05,03
2019-05-04,2432.0,5,1,2019,05,04
2019-05-04,4043.0,5,2,2019,05,04
2019-05-05,1538.0,6,1,2019,05,05
2019-05-05,2681.0,6,2,2019,05,05
2019-05-06,3967.0,0,1,2019,05,06
2019-05-06,2790.0,0,2,2019,05,06
2019-05-07,3845.0,1,1,2019,05,07
2019-05-07,2880.0,1,2,2019,05,07
2019-05-08,2826.0,2,1,2019,05,08
2019-05-08,3727.0,2,2,2019,05,08
2019-05-09,3131.0,3,1,2019,05,09
2019-05-09,4492.0,3,2,2019,05,09
2019-05-10,3085.0,4,1,2019,05,10
2019-05-10,4919.0,4,2,2019,05,10
2019-05-11,2453.0,5,1,2019,05,11
2019-05-11,16913.0,5,2,2019,05,11
2019-05-12,1117.0,6,1,2019,05,12
2019-05-12,11892.0,6,2,2019,05,12
2019-05-13,3720.0,0,1,2019,05,13
2019-05-13,26389.0,0,2,2019,05,13
2019-05-14,3257.0,1,1,2019,05,14
2019-05-14,30635.0,1,2,2019,05,14
2019-05-15,3416.0,2,1,2019,05,15
2019-05-15,30377.0,2,2,2019,05,15
2019-05-16,3312.0,3,1,2019,05,16
2019-05-16,29675.0,3,2,2019,05,16
2019-05-17,3239.0,4,1,2019,05,17
2019-05-17,29109.0,4,2,2019,05,17
2019-05-18,2543.0,5,1,2019,05,18
2019-05-18,28690.0,5,2,2019,05,18
2019-05-19,1361.0,6,1,2019,05,19
2019-05-19,13988.0,6,2,2019,05,19
2019-05-20,3927.0,0,1,2019,05,20
2019-05-20,27489.0,0,2,2019,05,20
2019-05-21,3175.0,1,1,2019,05,21
2019-05-21,29749.0,1,2,2019,05,21
2019-05-22,3510.0,2,1,2019,05,22
2019-05-22,29467.0,2,2,2019,05,22
2019-05-23,2808.0,3,1,2019,05,23
2019-05-23,26609.0,3,2,2019,05,23
2019-05-24,3273.0,4,1,2019,05,24
2019-05-24,26262.0,4,2,2019,05,24
2019-05-25,2527.0,5,1,2019,05,25
2019-05-25,21915.0,5,2,2019,05,25
2019-05-26,1634.0,6,1,2019,05,26
2019-05-26,14304.0,6,2,2019,05,26
2019-05-27,3880.0,0,1,2019,05,27
2019-05-27,21465.0,0,2,2019,05,27
2019-05-28,3245.0,1,1,2019,05,28
2019-05-28,21506.0,1,2,2019,05,28
2019-05-29,3519.0,2,1,2019,05,29
2019-05-29,16301.0,2,2,2019,05,29
2019-05-30,3696.0,3,1,2019,05,30
2019-05-30,8619.0,3,2,2019,05,30
2019-05-31,3717.0,4,1,2019,05,31
2019-05-31,1445.0,4,2,2019,05,31
2019-06-01,2684.0,5,1,2019,06,01
2019-06-01,6302.0,5,2,2019,06,01
2019-06-02,1948.0,6,1,2019,06,02
2019-06-02,3736.0,6,2,2019,06,02
2019-06-03,4520.0,0,1,2019,06,03
2019-06-03,3878.0,0,2,2019,06,03
2019-06-04,4757.0,1,1,2019,06,04
2019-06-04,3888.0,1,2,2019,06,04
2019-06-05,3380.0,2,1,2019,06,05
2019-06-05,2663.0,2,2,2019,06,05
2019-06-06,3768.0,3,1,2019,06,06
2019-06-06,2758.0,3,2,2019,06,06
2019-06-07,3847.0,4,1,2019,06,07
2019-06-07,4055.0,4,2,2019,06,07
2019-06-08,2724.0,5,1,2019,06,08
2019-06-08,4308.0,5,2,2019,06,08
2019-06-09,1700.0,6,1,2019,06,09
2019-06-09,3834.0,6,2,2019,06,09
2019-06-10,4174.0,0,1,2019,06,10
2019-06-10,5509.0,0,2,2019,06,10
2019-06-11,3586.0,1,1,2019,06,11
2019-06-11,18954.0,1,2,2019,06,11
2019-06-12,3786.0,2,1,2019,06,12
2019-06-12,25680.0,2,2,2019,06,12
2019-06-13,3623.0,3,1,2019,06,13
2019-06-13,29767.0,3,2,2019,06,13
2019-06-14,3498.0,4,1,2019,06,14
2019-06-14,30489.0,4,2,2019,06,14
2019-06-15,2776.0,5,1,2019,06,15
2019-06-15,24513.0,5,2,2019,06,15
2019-06-16,1760.0,6,1,2019,06,16
2019-06-16,13209.0,6,2,2019,06,16
2019-06-17,4279.0,0,1,2019,06,17
2019-06-17,30689.0,0,2,2019,06,17
2019-06-18,3301.0,1,1,2019,06,18
2019-06-18,32325.0,1,2,2019,06,18
2019-06-19,3810.0,2,1,2019,06,19
2019-06-19,31360.0,2,2,2019,06,19
2019-06-20,3538.0,3,1,2019,06,20
2019-06-20,30255.0,3,2,2019,06,20
2019-06-21,3432.0,4,1,2019,06,21
2019-06-21,28593.0,4,2,2019,06,21
2019-06-22,2512.0,5,1,2019,06,22
2019-06-22,25863.0,5,2,2019,06,22
2019-06-23,1633.0,6,1,2019,06,23
2019-06-23,13126.0,6,2,2019,06,23
2019-06-24,3804.0,0,1,2019,06,24
2019-06-24,23278.0,0,2,2019,06,24
2019-06-25,3154.0,1,1,2019,06,25
2019-06-25,25387.0,1,2,2019,06,25
2019-06-26,3443.0,2,1,2019,06,26
2019-06-26,25386.0,2,2,2019,06,26
2019-06-27,3500.0,3,1,2019,06,27
2019-06-27,23167.0,3,2,2019,06,27
2019-06-28,3519.0,4,1,2019,06,28
2019-06-28,18434.0,4,2,2019,06,28
2019-06-29,2894.0,5,1,2019,06,29
2019-06-29,7251.0,5,2,2019,06,29
2019-06-30,1951.0,6,1,2019,06,30
2019-06-30,865.0,6,2,2019,06,30
2019-07-01,3650.0,0,1,2019,07,01
2019-07-01,6974.0,0,2,2019,07,01
2019-07-02,3212.0,1,1,2019,07,02
2019-07-02,7107.0,1,2,2019,07,02
2019-07-03,3824.0,2,1,2019,07,03
2019-07-03,5669.0,2,2,2019,07,03
2019-07-04,4240.0,3,1,2019,07,04
2019-07-04,5951.0,3,2,2019,07,04
2019-07-05,13.0,4,1,2019,07,05
2019-07-05,4755.0,4,2,2019,07,05
2019-07-06,3944.0,5,2,2019,07,06
2019-07-07,3058.0,6,2,2019,07,07
2019-07-08,3760.0,0,2,2019,07,08
2019-07-09,4483.0,1,2,2019,07,09
2019-07-10,5445.0,2,2,2019,07,10
2019-07-11,16736.0,3,2,2019,07,11
2019-07-12,23284.0,4,2,2019,07,12
2019-07-13,26360.0,5,2,2019,07,13
2019-07-14,12351.0,6,2,2019,07,14
2019-07-15,26769.0,0,2,2019,07,15
2019-07-16,31277.0,1,2,2019,07,16
2019-07-17,31604.0,2,2,2019,07,17
2019-07-18,32547.0,3,2,2019,07,18
2019-07-19,29778.0,4,2,2019,07,19
2019-07-20,26123.0,5,2,2019,07,20
2019-07-21,12267.0,6,2,2019,07,21
2019-07-22,27292.0,0,2,2019,07,22
2019-07-23,29183.0,1,2,2019,07,23
2019-07-06,,5,1,2019,07,06
2019-07-07,,6,1,2019,07,07
2019-07-08,,0,1,2019,07,08
2019-07-09,,1,1,2019,07,09
2019-07-10,,2,1,2019,07,10
2019-07-11,,3,1,2019,07,11
2019-07-12,,4,1,2019,07,12
2019-07-13,,5,1,2019,07,13
2019-07-14,,6,1,2019,07,14
2019-07-15,,0,1,2019,07,15
2019-07-16,,1,1,2019,07,16
2019-07-17,,2,1,2019,07,17
2019-07-18,,3,1,2019,07,18
2019-07-19,,4,1,2019,07,19
2019-07-20,,5,1,2019,07,20
2019-07-21,,6,1,2019,07,21
2019-07-22,,0,1,2019,07,22
2019-07-23,,1,1,2019,07,23
2019-07-24,,2,1,2019,07,24
2019-07-25,,3,1,2019,07,25
2019-07-26,,4,1,2019,07,26
2019-07-27,,5,1,2019,07,27
2019-07-28,,6,1,2019,07,28
2019-07-29,,0,1,2019,07,29
2019-07-30,,1,1,2019,07,30
2019-07-31,,2,1,2019,07,31
2019-08-01,,3,1,2019,08,01
2019-08-02,,4,1,2019,08,02
2019-08-03,,5,1,2019,08,03
2019-08-04,,6,1,2019,08,04
2019-08-05,,0,1,2019,08,05
2019-08-06,,1,1,2019,08,06
2019-08-07,,2,1,2019,08,07
2019-08-08,,3,1,2019,08,08
2019-08-09,,4,1,2019,08,09
2019-08-10,,5,1,2019,08,10
2019-08-11,,6,1,2019,08,11
2019-08-12,,0,1,2019,08,12
2019-08-13,,1,1,2019,08,13
2019-08-14,,2,1,2019,08,14
2019-08-15,,3,1,2019,08,15
2019-08-16,,4,1,2019,08,16
2019-08-17,,5,1,2019,08,17
2019-08-18,,6,1,2019,08,18
2019-08-19,,0,1,2019,08,19
2019-08-20,,1,1,2019,08,20
2019-08-21,,2,1,2019,08,21
2019-08-22,,3,1,2019,08,22
2019-08-23,,4,1,2019,08,23
2019-08-24,,5,1,2019,08,24
2019-08-25,,6,1,2019,08,25
2019-08-26,,0,1,2019,08,26
2019-08-27,,1,1,2019,08,27
2019-08-28,,2,1,2019,08,28
2019-08-29,,3,1,2019,08,29
2019-08-30,,4,1,2019,08,30
2019-08-31,,5,1,2019,08,31
2019-09-01,,6,1,2019,09,01
2019-09-02,,0,1,2019,09,02
2019-09-03,,1,1,2019,09,03
2019-09-04,,2,1,2019,09,04
2019-09-05,,3,1,2019,09,05
2019-09-06,,4,1,2019,09,06
2019-09-07,,5,1,2019,09,07
2019-09-08,,6,1,2019,09,08
2019-09-09,,0,1,2019,09,09
2019-09-10,,1,1,2019,09,10
2019-09-11,,2,1,2019,09,11
2019-09-12,,3,1,2019,09,12
2019-09-13,,4,1,2019,09,13
2019-09-14,,5,1,2019,09,14
2019-09-15,,6,1,2019,09,15
2019-09-16,,0,1,2019,09,16
2019-09-17,,1,1,2019,09,17
2019-09-18,,2,1,2019,09,18
2019-09-19,,3,1,2019,09,19
2019-09-20,,4,1,2019,09,20
2019-09-21,,5,1,2019,09,21
2019-09-22,,6,1,2019,09,22
2019-09-23,,0,1,2019,09,23
2019-09-24,,1,1,2019,09,24
2019-09-25,,2,1,2019,09,25
2019-09-26,,3,1,2019,09,26
2019-09-27,,4,1,2019,09,27
2019-09-28,,5,1,2019,09,28
2019-09-29,,6,1,2019,09,29
2019-09-30,,0,1,2019,09,30
2019-07-24,,2,2,2019,07,24
2019-07-25,,3,2,2019,07,25
2019-07-26,,4,2,2019,07,26
2019-07-27,,5,2,2019,07,27
2019-07-28,,6,2,2019,07,28
2019-07-29,,0,2,2019,07,29
2019-07-30,,1,2,2019,07,30
2019-07-31,,2,2,2019,07,31
2019-08-01,,3,2,2019,08,01
2019-08-02,,4,2,2019,08,02
2019-08-03,,5,2,2019,08,03
2019-08-04,,6,2,2019,08,04
2019-08-05,,0,2,2019,08,05
2019-08-06,,1,2,2019,08,06
2019-08-07,,2,2,2019,08,07
2019-08-08,,3,2,2019,08,08
2019-08-09,,4,2,2019,08,09
2019-08-10,,5,2,2019,08,10
2019-08-11,,6,2,2019,08,11
2019-08-12,,0,2,2019,08,12
2019-08-13,,1,2,2019,08,13
2019-08-14,,2,2,2019,08,14
2019-08-15,,3,2,2019,08,15
2019-08-16,,4,2,2019,08,16
2019-08-17,,5,2,2019,08,17
2019-08-18,,6,2,2019,08,18
2019-08-19,,0,2,2019,08,19
2019-08-20,,1,2,2019,08,20
2019-08-21,,2,2,2019,08,21
2019-08-22,,3,2,2019,08,22
2019-08-23,,4,2,2019,08,23
2019-08-24,,5,2,2019,08,24
2019-08-25,,6,2,2019,08,25
2019-08-26,,0,2,2019,08,26
2019-08-27,,1,2,2019,08,27
2019-08-28,,2,2,2019,08,28
2019-08-29,,3,2,2019,08,29
2019-08-30,,4,2,2019,08,30
2019-08-31,,5,2,2019,08,31
2019-09-01,,6,2,2019,09,01
2019-09-02,,0,2,2019,09,02
2019-09-03,,1,2,2019,09,03
2019-09-04,,2,2,2019,09,04
2019-09-05,,3,2,2019,09,05
2019-09-06,,4,2,2019,09,06
2019-09-07,,5,2,2019,09,07
2019-09-08,,6,2,2019,09,08
2019-09-09,,0,2,2019,09,09
2019-09-10,,1,2,2019,09,10
2019-09-11,,2,2,2019,09,11
2019-09-12,,3,2,2019,09,12
2019-09-13,,4,2,2019,09,13
2019-09-14,,5,2,2019,09,14
2019-09-15,,6,2,2019,09,15
2019-09-16,,0,2,2019,09,16
2019-09-17,,1,2,2019,09,17
2019-09-18,,2,2,2019,09,18
2019-09-19,,3,2,2019,09,19
2019-09-20,,4,2,2019,09,20
2019-09-21,,5,2,2019,09,21
2019-09-22,,6,2,2019,09,22
2019-09-23,,0,2,2019,09,23
2019-09-24,,1,2,2019,09,24
2019-09-25,,2,2,2019,09,25
2019-09-26,,3,2,2019,09,26
2019-09-27,,4,2,2019,09,27
2019-09-28,,5,2,2019,09,28
2019-09-29,,6,2,2019,09,29
2019-09-30,,0,2,2019,09,30
2019-10-01,,1,2,2019,10,01
2019-10-02,,2,2,2019,10,02
2019-10-03,,3,2,2019,10,03
2019-10-04,,4,2,2019,10,04
2019-10-05,,5,2,2019,10,05
2019-10-06,,6,2,2019,10,06
2019-10-07,,0,2,2019,10,07
2019-10-08,,1,2,2019,10,08
2019-10-09,,2,2,2019,10,09
2019-10-10,,3,2,2019,10,10
2019-10-11,,4,2,2019,10,11
2019-10-12,,5,2,2019,10,12
2019-10-13,,6,2,2019,10,13
2019-10-14,,0,2,2019,10,14
2019-10-15,,1,2,2019,10,15
2019-10-16,,2,2,2019,10,16
2019-10-17,,3,2,2019,10,17
2019-10-18,,4,2,2019,10,18
2019-10-19,,5,2,2019,10,19
2019-10-20,,6,2,2019,10,20
2019-10-21,,0,2,2019,10,21
2019-10-22,,1,2,2019,10,22
2019-10-23,,2,2,2019,10,23
2019-10-24,,3,2,2019,10,24
