application_date,segment,case_count,day
2017-04-01,1,299.0,5
2017-04-01,2,897.0,0
2017-04-02,2,605.0,1
2017-04-03,1,42.0,2
2017-04-03,2,2016.0,4
2017-04-04,1,23.0,2
2017-04-04,2,2245.0,3
2017-04-05,1,1530.0,4
2017-04-05,2,2415.0,5
2017-04-06,2,2379.0,6
2017-04-07,1,1341.0,0
2017-04-07,2,2249.0,1
2017-04-08,2,2297.0,2
2017-04-09,2,1435.0,3
2017-04-10,2,3166.0,4
2017-04-11,2,5649.0,5
2017-04-12,1,1468.0,6
2017-04-12,2,8781.0,0
2017-04-13,1,1340.0,1
2017-04-13,2,10351.0,2
2017-04-14,1,1330.0,3
2017-04-14,2,8289.0,4
2017-04-15,1,981.0,5
2017-04-15,2,8799.0,6
2017-04-16,1,409.0,0
2017-04-16,2,6745.0,1
2017-04-17,1,1515.0,2
2017-04-17,2,9597.0,3
2017-04-18,1,1442.0,4
2017-04-18,2,11351.0,6
2017-04-19,1,1404.0,0
2017-04-19,2,12310.0,1
2017-04-20,1,1350.0,2
2017-04-20,2,12384.0,3
2017-04-21,1,1390.0,4
2017-04-21,2,10857.0,5
2017-04-22,1,1060.0,6
2017-04-22,2,8881.0,0
2017-04-23,1,380.0,1
2017-04-23,2,6172.0,2
2017-04-24,1,1626.0,3
2017-04-24,2,5931.0,4
2017-04-25,1,1450.0,5
2017-04-25,2,4422.0,6
2017-04-26,1,1546.0,0
2017-04-26,2,2384.0,1
2017-04-27,1,1710.0,2
2017-04-27,2,1102.0,3
2017-04-28,1,1927.0,4
2017-04-28,2,810.0,5
2017-04-29,1,1355.0,6
2017-04-29,2,854.0,0
2017-04-30,1,6472.0,1
2017-04-30,2,881.0,2
2017-05-01,1,1472.0,3
2017-05-01,2,1354.0,4
2017-05-02,1,198.0,5
2017-05-02,2,1929.0,6
2017-05-03,1,76.0,0
2017-05-03,2,1925.0,1
2017-05-04,1,165.0,2
2017-05-04,2,2993.0,3
2017-05-05,1,2457.0,4
2017-05-05,2,2724.0,5
2017-05-06,2,2441.0,6
2017-05-07,1,426.0,0
2017-05-07,2,1652.0,1
2017-05-08,1,4.0,2
2017-05-08,2,2118.0,3
2017-05-09,1,51.0,4
2017-05-09,2,2964.0,5
2017-05-10,1,1582.0,6
2017-05-10,2,3030.0,0
2017-05-11,1,1423.0,1
2017-05-11,2,6776.0,2
2017-05-12,1,1533.0,3
2017-05-12,2,8364.0,4
2017-05-13,1,1125.0,5
2017-05-13,2,6431.0,6
2017-05-14,1,338.0,0
2017-05-14,2,5005.0,1
2017-05-15,1,1733.0,2
2017-05-15,2,8251.0,3
2017-05-16,1,1500.0,4
2017-05-16,2,8312.0,5
2017-05-17,1,1632.0,6
2017-05-17,2,9642.0,2
2017-05-18,1,1530.0,3
2017-05-18,2,13979.0,4
2017-05-19,1,1576.0,0
2017-05-19,2,10976.0,1
2017-05-20,1,1220.0,2
2017-05-20,2,10215.0,3
2017-05-21,1,458.0,4
2017-05-21,2,7058.0,5
2017-05-22,1,1746.0,6
2017-05-22,2,8148.0,0
2017-05-23,1,1615.0,1
2017-05-23,2,8625.0,2
2017-05-24,1,1623.0,3
2017-05-24,2,7599.0,4
2017-05-25,1,1529.0,5
2017-05-25,2,6402.0,6
2017-05-26,1,1587.0,0
2017-05-26,2,4841.0,1
2017-05-27,1,1277.0,2
2017-05-27,2,3915.0,3
2017-05-28,1,524.0,4
2017-05-28,2,1193.0,5
2017-05-29,1,1935.0,6
2017-05-29,2,747.0,0
2017-05-30,1,1732.0,1
2017-05-30,2,1396.0,3
2017-05-31,1,6740.0,4
2017-05-31,2,2041.0,5
2017-06-01,1,3.0,6
2017-06-01,2,4245.0,0
2017-06-02,1,642.0,1
2017-06-02,2,3926.0,2
2017-06-03,1,497.0,3
2017-06-03,2,4417.0,4
2017-06-04,1,408.0,5
2017-06-04,2,1800.0,6
2017-06-05,1,1696.0,0
2017-06-05,2,2929.0,1
2017-06-06,1,193.0,2
2017-06-06,2,4258.0,3
2017-06-07,1,1736.0,4
2017-06-07,2,4206.0,5
2017-06-08,1,1445.0,6
2017-06-08,2,4547.0,0
2017-06-09,1,2061.0,1
2017-06-09,2,4954.0,2
2017-06-10,1,1549.0,3
2017-06-10,2,5803.0,4
2017-06-11,1,667.0,5
2017-06-11,2,6336.0,6
2017-06-12,1,2176.0,0
2017-06-12,2,11984.0,1
2017-06-13,1,1972.0,2
2017-06-13,2,16631.0,3
2017-06-14,1,2053.0,0
2017-06-14,2,16384.0,1
2017-06-15,1,1958.0,3
2017-06-15,2,16919.0,4
2017-06-16,1,2111.0,5
2017-06-16,2,16392.0,6
2017-06-17,1,1744.0,0
2017-06-17,2,14947.0,1
2017-06-18,1,706.0,2
2017-06-18,2,10709.0,3
2017-06-19,1,2443.0,4
2017-06-19,2,14096.0,5
2017-06-20,1,2127.0,6
2017-06-20,2,16381.0,0
2017-06-21,1,2363.0,1
2017-06-21,2,16155.0,2
2017-06-22,1,2495.0,3
2017-06-22,2,14993.0,4
2017-06-23,1,2639.0,5
2017-06-23,2,11908.0,6
2017-06-24,1,2582.0,0
2017-06-24,2,8951.0,1
2017-06-25,1,1647.0,2
2017-06-25,2,5764.0,3
2017-06-26,1,1774.0,4
2017-06-26,2,5728.0,5
2017-06-27,1,1935.0,6
2017-06-27,2,3152.0,0
2017-06-28,1,2168.0,1
2017-06-28,2,2517.0,2
2017-06-29,1,2291.0,3
2017-06-29,2,1899.0,4
2017-06-30,1,9750.0,5
2017-06-30,2,1973.0,6
2017-07-01,1,1811.0,0
2017-07-01,2,2073.0,1
2017-07-02,1,5.0,2
2017-07-02,2,1343.0,3
2017-07-03,2,2932.0,4
2017-07-04,2,4657.0,5
2017-07-05,1,1304.0,6
2017-07-05,2,4882.0,0
2017-07-06,1,154.0,1
2017-07-06,2,5000.0,2
2017-07-07,1,495.0,3
2017-07-07,2,5322.0,4
2017-07-08,2,4885.0,5
2017-07-09,2,3939.0,6
2017-07-10,1,1878.0,0
2017-07-10,2,5733.0,1
2017-07-11,1,1510.0,2
2017-07-11,2,12403.0,3
2017-07-12,1,1713.0,4
2017-07-12,2,16716.0,5
2017-07-13,1,1540.0,6
2017-07-13,2,19424.0,0
2017-07-14,1,1552.0,1
2017-07-14,2,19432.0,2
2017-07-15,1,1185.0,3
2017-07-15,2,17602.0,4
2017-07-16,1,602.0,5
2017-07-16,2,11732.0,6
2017-07-17,1,1842.0,0
2017-07-17,2,18006.0,1
2017-07-18,1,1568.0,2
2017-07-18,2,20867.0,3
2017-07-19,1,1592.0,4
2017-07-19,2,21357.0,5
2017-07-20,1,1558.0,6
2017-07-20,2,22155.0,0
2017-07-21,1,1623.0,1
2017-07-21,2,17095.0,2
2017-07-22,1,1087.0,3
2017-07-22,2,15158.0,4
2017-07-23,1,450.0,5
2017-07-23,2,10019.0,6
2017-07-24,1,1774.0,0
2017-07-24,2,9565.0,1
2017-07-25,1,1540.0,2
2017-07-25,2,9210.0,3
2017-07-26,1,1586.0,4
2017-07-26,2,8593.0,5
2017-07-27,1,1502.0,6
2017-07-27,2,6654.0,0
2017-07-28,1,1710.0,1
2017-07-28,2,2203.0,2
2017-07-29,1,1375.0,3
2017-07-29,2,1251.0,4
2017-07-30,1,681.0,5
2017-07-30,2,798.0,6
2017-07-31,1,11594.0,0
2017-07-31,2,1887.0,1
2017-08-01,1,921.0,2
2017-08-01,2,4455.0,3
2017-08-02,2,5794.0,4
2017-08-03,1,2.0,5
2017-08-03,2,5792.0,6
2017-08-04,1,1.0,0
2017-08-04,2,5173.0,1
2017-08-05,1,4.0,2
2017-08-05,2,5289.0,3
2017-08-06,1,3.0,4
2017-08-06,2,4052.0,5
2017-08-07,1,1893.0,6
2017-08-07,2,4551.0,0
2017-08-08,1,1850.0,1
2017-08-08,2,5451.0,2
2017-08-09,1,2010.0,3
2017-08-09,2,6984.0,4
2017-08-10,1,2037.0,5
2017-08-10,2,7667.0,6
2017-08-11,1,1934.0,0
2017-08-11,2,13612.0,1
2017-08-12,1,1838.0,2
2017-08-12,2,17690.0,3
2017-08-13,1,965.0,4
2017-08-13,2,11725.0,5
2017-08-14,1,2888.0,6
2017-08-14,2,18639.0,0
2017-08-15,1,1229.0,1
2017-08-15,2,17082.0,2
2017-08-16,1,2269.0,3
2017-08-16,2,20262.0,4
2017-08-17,1,2012.0,5
2017-08-17,2,21928.0,0
2017-08-18,1,2141.0,1
2017-08-18,2,21309.0,2
2017-08-19,1,1723.0,3
2017-08-19,2,20726.0,4
2017-08-20,1,813.0,5
2017-08-20,2,15069.0,6
2017-08-21,1,2344.0,0
2017-08-21,2,17871.0,1
2017-08-22,1,2063.0,2
2017-08-22,2,19539.0,3
2017-08-23,1,2504.0,4
2017-08-23,2,17197.0,5
2017-08-24,1,2693.0,6
2017-08-24,2,13876.0,0
2017-08-25,1,2358.0,1
2017-08-25,2,10181.0,2
2017-08-26,1,1589.0,3
2017-08-26,2,9340.0,4
2017-08-27,1,839.0,5
2017-08-27,2,6762.0,6
2017-08-28,1,2301.0,0
2017-08-28,2,4695.0,1
2017-08-29,1,1906.0,2
2017-08-29,2,2335.0,3
2017-08-30,1,2065.0,4
2017-08-30,2,1555.0,5
2017-08-31,1,13590.0,0
2017-08-31,2,2237.0,1
2017-09-01,2,4372.0,2
2017-09-02,2,6249.0,3
2017-09-03,2,4469.0,4
2017-09-04,1,6.0,5
2017-09-04,2,5641.0,6
2017-09-05,1,1101.0,0
2017-09-05,2,6377.0,1
2017-09-06,2,6894.0,2
2017-09-07,1,805.0,3
2017-09-07,2,8062.0,4
2017-09-08,1,2073.0,5
2017-09-08,2,7799.0,6
2017-09-09,1,1746.0,0
2017-09-09,2,8598.0,1
2017-09-10,1,932.0,2
2017-09-10,2,6695.0,3
2017-09-11,1,2378.0,4
2017-09-11,2,14050.0,5
2017-09-12,1,2378.0,6
2017-09-12,2,21192.0,0
2017-09-13,1,2551.0,1
2017-09-13,2,23051.0,2
2017-09-14,1,2539.0,3
2017-09-14,2,24867.0,5
2017-09-15,1,2836.0,0
2017-09-15,2,23169.0,1
2017-09-16,1,2693.0,2
2017-09-16,2,22296.0,3
2017-09-17,1,1376.0,4
2017-09-17,2,16429.0,5
2017-09-18,1,3114.0,6
2017-09-18,2,20130.0,0
2017-09-19,1,3080.0,1
2017-09-19,2,15067.0,2
2017-09-20,1,3541.0,3
2017-09-20,2,23379.0,4
2017-09-21,1,4436.0,5
2017-09-21,2,20323.0,6
2017-09-22,1,4330.0,0
2017-09-22,2,16893.0,1
2017-09-23,1,3701.0,2
2017-09-23,2,12440.0,3
2017-09-24,1,3508.0,4
2017-09-24,2,9308.0,5
2017-09-25,1,5201.0,6
2017-09-25,2,8926.0,0
2017-09-26,1,5188.0,1
2017-09-26,2,7662.0,2
2017-09-27,1,5378.0,3
2017-09-27,2,5690.0,4
2017-09-28,1,4584.0,5
2017-09-28,2,3268.0,6
2017-09-29,1,4464.0,0
2017-09-29,2,889.0,1
2017-09-30,1,21631.0,2
2017-09-30,2,439.0,3
2017-10-01,1,1280.0,4
2017-10-01,2,973.0,5
2017-10-02,1,226.0,6
2017-10-02,2,2341.0,0
2017-10-03,1,172.0,1
2017-10-03,2,4627.0,2
2017-10-04,1,209.0,3
2017-10-04,2,5338.0,4
2017-10-05,1,352.0,5
2017-10-05,2,6885.0,6
2017-10-06,1,361.0,0
2017-10-06,2,7567.0,1
2017-10-07,1,274.0,2
2017-10-07,2,7786.0,3
2017-10-08,1,573.0,4
2017-10-08,2,6932.0,5
2017-10-09,1,1688.0,6
2017-10-09,2,8299.0,0
2017-10-10,1,1839.0,1
2017-10-10,2,11235.0,2
2017-10-11,1,3701.0,3
2017-10-11,2,18217.0,4
2017-10-12,1,4017.0,5
2017-10-12,2,23977.0,6
2017-10-13,1,4355.0,0
2017-10-13,2,26211.0,1
2017-10-14,1,4048.0,2
2017-10-14,2,24403.0,3
2017-10-15,1,3928.0,4
2017-10-15,2,17067.0,5
2017-10-16,1,6696.0,6
2017-10-16,2,19907.0,0
2017-10-17,1,7223.0,1
2017-10-17,2,18168.0,2
2017-10-18,1,6344.0,3
2017-10-18,2,14006.0,4
2017-10-19,1,4650.0,5
2017-10-19,2,12688.0,6
2017-10-20,1,2423.0,0
2017-10-20,2,15696.0,1
2017-10-21,1,1718.0,2
2017-10-21,2,16584.0,3
2017-10-22,1,1002.0,4
2017-10-22,2,13993.0,5
2017-10-23,1,2570.0,6
2017-10-23,2,17483.0,0
2017-10-24,1,2272.0,1
2017-10-24,2,19773.0,2
2017-10-25,1,2968.0,3
2017-10-25,2,17149.0,4
2017-10-26,1,2533.0,5
2017-10-26,2,16545.0,6
2017-10-27,1,2556.0,0
2017-10-27,2,14385.0,1
2017-10-28,1,2062.0,2
2017-10-28,2,8564.0,3
2017-10-29,1,883.0,4
2017-10-29,2,3314.0,5
2017-10-30,1,2810.0,6
2017-10-30,2,1024.0,0
2017-10-31,1,15429.0,1
2017-10-31,2,1015.0,2
2017-11-01,1,583.0,3
2017-11-01,2,3841.0,4
2017-11-02,1,29.0,5
2017-11-02,2,4069.0,6
2017-11-03,1,65.0,0
2017-11-03,2,6458.0,1
2017-11-04,1,40.0,2
2017-11-04,2,6454.0,3
2017-11-05,1,6.0,4
2017-11-05,2,4174.0,5
2017-11-06,1,60.0,6
2017-11-06,2,6474.0,0
2017-11-07,1,251.0,1
2017-11-07,2,7488.0,2
2017-11-08,1,1556.0,3
2017-11-08,2,8606.0,4
2017-11-09,1,1872.0,5
2017-11-09,2,9825.0,6
2017-11-10,1,1998.0,0
2017-11-10,2,9843.0,1
2017-11-11,1,1532.0,2
2017-11-11,2,17385.0,3
2017-11-12,1,636.0,4
2017-11-12,2,14594.0,5
2017-11-13,1,2242.0,6
2017-11-13,2,21311.0,0
2017-11-14,1,1988.0,1
2017-11-14,2,27580.0,2
2017-11-15,1,1907.0,3
2017-11-15,2,28872.0,4
2017-11-16,1,1838.0,5
2017-11-16,2,28331.0,6
2017-11-17,1,1801.0,0
2017-11-17,2,25391.0,1
2017-11-18,1,1537.0,2
2017-11-18,2,23316.0,3
2017-11-19,1,2846.0,4
2017-11-19,2,17062.0,5
2017-11-20,1,56.0,6
2017-11-20,2,21964.0,0
2017-11-21,1,1934.0,1
2017-11-21,2,23594.0,2
2017-11-22,1,1904.0,3
2017-11-22,2,22100.0,4
2017-11-23,1,1914.0,5
2017-11-23,2,20300.0,6
2017-11-24,1,1980.0,0
2017-11-24,2,17048.0,1
2017-11-25,1,1471.0,2
2017-11-25,2,14954.0,3
2017-11-26,1,572.0,4
2017-11-26,2,9893.0,5
2017-11-27,1,2104.0,6
2017-11-27,2,11163.0,0
2017-11-28,1,1827.0,1
2017-11-28,2,5170.0,2
2017-11-29,1,1938.0,3
2017-11-29,2,1540.0,4
2017-11-30,1,5966.0,5
2017-11-30,2,1289.0,6
2017-12-01,1,56.0,0
2017-12-01,2,3120.0,1
2017-12-02,1,44.0,2
2017-12-02,2,5010.0,3
2017-12-03,1,292.0,4
2017-12-03,2,3426.0,5
2017-12-04,1,1610.0,6
2017-12-04,2,5909.0,0
2017-12-05,1,1650.0,1
2017-12-05,2,6052.0,2
2017-12-06,1,1904.0,3
2017-12-06,2,7124.0,4
2017-12-07,1,1875.0,5
2017-12-07,2,8026.0,6
2017-12-08,1,1861.0,0
2017-12-08,2,7534.0,1
2017-12-09,1,1485.0,2
2017-12-09,2,8758.0,3
2017-12-10,1,621.0,4
2017-12-10,2,6100.0,5
2017-12-11,1,2319.0,6
2017-12-11,2,15291.0,0
2017-12-12,1,2237.0,1
2017-12-12,2,22734.0,2
2017-12-13,1,2320.0,3
2017-12-13,2,25417.0,4
2017-12-14,1,2260.0,5
2017-12-14,2,24401.0,6
2017-12-15,1,2326.0,0
2017-12-15,2,26953.0,1
2017-12-16,1,1796.0,2
2017-12-16,2,24836.0,3
2017-12-17,1,767.0,4
2017-12-17,2,16655.0,5
2017-12-18,1,2393.0,6
2017-12-18,2,24011.0,0
2017-12-19,1,2180.0,1
2017-12-19,2,27077.0,2
2017-12-20,1,2454.0,3
2017-12-20,2,27934.0,4
2017-12-21,1,1886.0,5
2017-12-21,2,26353.0,6
2017-12-22,1,1921.0,0
2017-12-22,2,22072.0,1
2017-12-23,1,1981.0,2
2017-12-23,2,20863.0,3
2017-12-24,1,757.0,4
2017-12-24,2,13367.0,5
2017-12-25,1,2169.0,6
2017-12-25,2,12427.0,0
2017-12-26,1,2251.0,1
2017-12-26,2,13929.0,2
2017-12-27,1,2374.0,3
2017-12-27,2,12936.0,4
2017-12-28,1,2555.0,5
2017-12-28,2,11402.0,6
2017-12-29,1,2913.0,0
2017-12-29,2,8527.0,1
2017-12-30,1,2736.0,2
2017-12-30,2,4824.0,3
2017-12-31,1,14106.0,4
2017-12-31,2,791.0,5
2018-01-01,1,1391.0,6
2018-01-01,2,2110.0,0
2018-01-02,1,84.0,1
2018-01-02,2,6491.0,2
2018-01-03,1,45.0,3
2018-01-03,2,9691.0,4
2018-01-04,1,76.0,5
2018-01-04,2,10467.0,6
2018-01-05,1,1789.0,0
2018-01-05,2,10449.0,1
2018-01-06,1,1372.0,2
2018-01-06,2,10382.0,3
2018-01-07,2,7813.0,4
2018-01-08,1,81.0,5
2018-01-08,2,10306.0,6
2018-01-09,1,2619.0,0
2018-01-09,2,10859.0,1
2018-01-10,1,2497.0,2
2018-01-10,2,13309.0,3
2018-01-11,1,2522.0,4
2018-01-11,2,21872.0,5
2018-01-12,1,2757.0,6
2018-01-12,2,26325.0,0
2018-01-13,1,2306.0,1
2018-01-13,2,23737.0,2
2018-01-14,1,1167.0,3
2018-01-14,2,11974.0,4
2018-01-15,1,2420.0,5
2018-01-15,2,14284.0,6
2018-01-16,1,2625.0,0
2018-01-16,2,21445.0,1
2018-01-17,1,2854.0,2
2018-01-17,2,27351.0,3
2018-01-18,1,2947.0,4
2018-01-18,2,28950.0,5
2018-01-19,1,2859.0,6
2018-01-19,2,27414.0,0
2018-01-20,1,2218.0,1
2018-01-20,2,25522.0,2
2018-01-21,1,1108.0,3
2018-01-21,2,17975.0,4
2018-01-22,1,3198.0,5
2018-01-22,2,20582.0,6
2018-01-23,1,2519.0,0
2018-01-23,2,25271.0,1
2018-01-24,1,2574.0,2
2018-01-24,2,21599.0,3
2018-01-25,1,2126.0,4
2018-01-25,2,21689.0,5
2018-01-26,1,1454.0,6
2018-01-26,2,17813.0,0
2018-01-27,1,2127.0,1
2018-01-27,2,14454.0,2
2018-01-28,1,911.0,3
2018-01-28,2,7434.0,4
2018-01-29,1,2821.0,5
2018-01-29,2,10408.0,6
2018-01-30,1,2479.0,0
2018-01-30,2,3919.0,1
2018-01-31,1,9628.0,2
2018-01-31,2,1302.0,3
2018-02-01,1,472.0,4
2018-02-01,2,2760.0,5
2018-02-02,1,66.0,6
2018-02-02,2,9679.0,0
2018-02-03,1,52.0,1
2018-02-03,2,8998.0,2
2018-02-04,2,6654.0,3
2018-02-05,1,2654.0,4
2018-02-05,2,8144.0,5
2018-02-06,1,2419.0,6
2018-02-06,2,9611.0,0
2018-02-07,1,2439.0,1
2018-02-07,2,9991.0,2
2018-02-08,1,2369.0,3
2018-02-08,2,9954.0,4
2018-02-09,1,2470.0,5
2018-02-09,2,11975.0,6
2018-02-10,1,1974.0,0
2018-02-10,2,12203.0,1
2018-02-11,1,966.0,2
2018-02-11,2,12013.0,3
2018-02-12,1,3413.0,4
2018-02-12,2,22881.0,5
2018-02-13,1,3092.0,6
2018-02-13,2,27636.0,0
2018-02-14,1,2702.0,1
2018-02-14,2,27603.0,2
2018-02-15,1,2354.0,3
2018-02-15,2,26714.0,4
2018-02-16,1,2543.0,5
2018-02-16,2,29129.0,6
2018-02-17,1,2003.0,0
2018-02-17,2,28365.0,1
2018-02-18,1,923.0,2
2018-02-18,2,12071.0,3
2018-02-19,1,2405.0,4
2018-02-19,2,24006.0,5
2018-02-20,1,2488.0,6
2018-02-20,2,32399.0,0
2018-02-21,1,2589.0,1
2018-02-21,2,28719.0,2
2018-02-22,1,2513.0,3
2018-02-22,2,26985.0,4
2018-02-23,1,2415.0,5
2018-02-23,2,23457.0,6
2018-02-24,1,1908.0,0
2018-02-24,2,20055.0,1
2018-02-25,1,963.0,2
2018-02-25,2,13217.0,3
2018-02-26,1,2665.0,4
2018-02-26,2,11843.0,5
2018-02-27,1,2530.0,6
2018-02-27,2,5083.0,0
2018-02-28,1,9134.0,1
2018-02-28,2,206.0,2
2018-03-01,1,88.0,3
2018-03-01,2,2793.0,4
2018-03-02,2,5726.0,5
2018-03-03,1,58.0,6
2018-03-03,2,6613.0,0
2018-03-04,2,5420.0,1
2018-03-05,1,3243.0,2
2018-03-05,2,6885.0,3
2018-03-06,1,2645.0,4
2018-03-06,2,8745.0,5
2018-03-07,1,2821.0,6
2018-03-07,2,10661.0,0
2018-03-08,1,2794.0,1
2018-03-08,2,7692.0,2
2018-03-09,1,2832.0,3
2018-03-09,2,14017.0,4
2018-03-10,1,2348.0,5
2018-03-10,2,15285.0,6
2018-03-11,1,1324.0,0
2018-03-11,2,21050.0,1
2018-03-12,1,3468.0,2
2018-03-12,2,33322.0,3
2018-03-13,1,3023.0,4
2018-03-13,2,29442.0,5
2018-03-14,1,3313.0,6
2018-03-14,2,27574.0,0
2018-03-15,1,3515.0,1
2018-03-15,2,33319.0,2
2018-03-16,1,3888.0,3
2018-03-16,2,31912.0,4
2018-03-17,1,4041.0,5
2018-03-17,2,28397.0,6
2018-03-18,1,3124.0,0
2018-03-18,2,27548.0,1
2018-03-19,1,3576.0,2
2018-03-19,2,23935.0,3
2018-03-20,1,2814.0,4
2018-03-20,2,29543.0,5
2018-03-21,1,3059.0,6
2018-03-21,2,27960.0,0
2018-03-22,1,3143.0,1
2018-03-22,2,28337.0,2
2018-03-23,1,3311.0,3
2018-03-23,2,24437.0,4
2018-03-24,1,2854.0,5
2018-03-24,2,24242.0,6
2018-03-25,1,1655.0,0
2018-03-25,2,17959.0,1
2018-03-26,1,3140.0,2
2018-03-26,2,17734.0,3
2018-03-27,1,2922.0,4
2018-03-27,2,17174.0,5
2018-03-28,1,3128.0,6
2018-03-28,2,13240.0,0
2018-03-29,1,3126.0,1
2018-03-29,2,9144.0,2
2018-03-30,1,3289.0,3
2018-03-30,2,3526.0,4
2018-03-31,1,21885.0,5
2018-03-31,2,706.0,6
2018-04-01,1,2.0,0
2018-04-01,2,1740.0,1
2018-04-02,1,122.0,2
2018-04-02,2,3344.0,3
2018-04-03,1,74.0,4
2018-04-03,2,4162.0,5
2018-04-04,1,59.0,6
2018-04-04,2,4814.0,0
2018-04-05,1,63.0,1
2018-04-05,2,4650.0,2
2018-04-06,1,52.0,3
2018-04-06,2,5735.0,4
2018-04-07,1,19.0,5
2018-04-07,2,5023.0,6
2018-04-08,1,123.0,0
2018-04-08,2,5184.0,1
2018-04-09,1,5891.0,2
2018-04-09,2,6534.0,3
2018-04-10,1,100.0,4
2018-04-10,2,7785.0,5
2018-04-11,1,3493.0,6
2018-04-11,2,18096.0,0
2018-04-12,1,3591.0,1
2018-04-12,2,24573.0,2
2018-04-13,1,3490.0,3
2018-04-13,2,26274.0,4
2018-04-14,1,2665.0,5
2018-04-14,2,22332.0,6
2018-04-15,1,1803.0,0
2018-04-15,2,16569.0,1
2018-04-16,1,3544.0,2
2018-04-16,2,24120.0,3
2018-04-17,1,3756.0,4
2018-04-17,2,27611.0,5
2018-04-18,1,4084.0,6
2018-04-18,2,28778.0,0
2018-04-19,1,2772.0,1
2018-04-19,2,28627.0,2
2018-04-20,1,2515.0,3
2018-04-20,2,28869.0,4
2018-04-21,1,2087.0,5
2018-04-21,2,27836.0,6
2018-04-22,1,1037.0,0
2018-04-22,2,17618.0,1
2018-04-23,1,3019.0,2
2018-04-23,2,24008.0,3
2018-04-24,1,2539.0,4
2018-04-24,2,25721.0,5
2018-04-25,1,2634.0,6
2018-04-25,2,23156.0,0
2018-04-26,1,2582.0,1
2018-04-26,2,21582.0,2
2018-04-27,1,2456.0,3
2018-04-27,2,16727.0,4
2018-04-28,1,2046.0,5
2018-04-28,2,7411.0,6
2018-04-29,1,1158.0,0
2018-04-29,2,1284.0,1
2018-04-30,1,4249.0,2
2018-04-30,2,710.0,3
2018-05-01,1,107.0,4
2018-05-01,2,3712.0,5
2018-05-02,1,2739.0,6
2018-05-02,2,5879.0,0
2018-05-03,1,2528.0,1
2018-05-03,2,7887.0,2
2018-05-04,1,2421.0,3
2018-05-04,2,7686.0,4
2018-05-05,1,1933.0,5
2018-05-05,2,7162.0,6
2018-05-06,1,1084.0,0
2018-05-06,2,5843.0,1
2018-05-07,1,3057.0,2
2018-05-07,2,5969.0,3
2018-05-08,1,2452.0,4
2018-05-08,2,7989.0,5
2018-05-09,1,2590.0,6
2018-05-09,2,11412.0,0
2018-05-10,1,2638.0,1
2018-05-10,2,12916.0,2
2018-05-11,1,2440.0,3
2018-05-11,2,17958.0,4
2018-05-12,1,1852.0,5
2018-05-12,2,23084.0,6
2018-05-13,1,1038.0,0
2018-05-13,2,13879.0,1
2018-05-14,1,2633.0,2
2018-05-14,2,27008.0,3
2018-05-15,1,2607.0,4
2018-05-15,2,31037.0,5
2018-05-16,1,2823.0,6
2018-05-16,2,31103.0,0
2018-05-17,1,2604.0,1
2018-05-17,2,33831.0,2
2018-05-18,1,2599.0,3
2018-05-18,2,33677.0,4
2018-05-19,1,2030.0,5
2018-05-19,2,34026.0,0
2018-05-20,1,1114.0,1
2018-05-20,2,29447.0,2
2018-05-21,1,3033.0,4
2018-05-21,2,25745.0,2
2018-05-22,1,2623.0,3
2018-05-22,2,25687.0,4
2018-05-23,1,2681.0,5
2018-05-23,2,24118.0,6
2018-05-24,1,2713.0,0
2018-05-24,2,21160.0,1
2018-05-25,1,2556.0,2
2018-05-25,2,19544.0,3
2018-05-26,1,2004.0,4
2018-05-26,2,18900.0,5
2018-05-27,1,1014.0,6
2018-05-27,2,15801.0,0
2018-05-28,1,2871.0,1
2018-05-28,2,12321.0,2
2018-05-29,1,2597.0,3
2018-05-29,2,7573.0,4
2018-05-30,1,2559.0,5
2018-05-30,2,2546.0,6
2018-05-31,1,4379.0,0
2018-05-31,2,2171.0,1
2018-06-01,1,327.0,2
2018-06-01,2,8306.0,3
2018-06-02,1,1964.0,4
2018-06-02,2,10620.0,6
2018-06-03,1,1054.0,0
2018-06-03,2,5286.0,1
2018-06-04,1,3234.0,2
2018-06-04,2,10754.0,3
2018-06-05,1,3150.0,4
2018-06-05,2,9934.0,5
2018-06-06,1,3228.0,6
2018-06-06,2,10487.0,0
2018-06-07,1,3232.0,1
2018-06-07,2,11064.0,2
2018-06-08,1,3169.0,3
2018-06-08,2,10305.0,4
2018-06-09,1,2663.0,5
2018-06-09,2,13238.0,6
2018-06-10,1,1620.0,0
2018-06-10,2,8659.0,1
2018-06-11,1,3913.0,2
2018-06-11,2,21767.0,3
2018-06-12,1,3571.0,4
2018-06-12,2,31298.0,5
2018-06-13,1,4161.0,6
2018-06-13,2,34090.0,0
2018-06-14,1,4532.0,1
2018-06-14,2,33836.0,2
2018-06-15,1,4756.0,3
2018-06-15,2,32713.0,4
2018-06-16,1,2377.0,5
2018-06-16,2,30218.0,6
2018-06-17,1,1555.0,0
2018-06-17,2,20232.0,1
2018-06-18,1,3907.0,2
2018-06-18,2,24126.0,3
2018-06-19,1,3272.0,4
2018-06-19,2,33984.0,5
2018-06-20,1,3454.0,6
2018-06-20,2,33705.0,0
2018-06-21,1,3357.0,1
2018-06-21,2,35131.0,2
2018-06-22,1,3569.0,3
2018-06-22,2,30146.0,4
2018-06-23,1,2619.0,5
2018-06-23,2,26395.0,6
2018-06-24,1,1309.0,0
2018-06-24,2,23288.0,1
2018-06-25,1,3405.0,2
2018-06-25,2,23522.0,3
2018-06-26,1,1903.0,4
2018-06-26,2,25559.0,5
2018-06-27,1,3317.0,6
2018-06-27,2,22510.0,0
2018-06-28,1,3646.0,1
2018-06-28,2,14649.0,2
2018-06-29,1,3131.0,3
2018-06-29,2,4259.0,4
2018-06-30,1,3873.0,5
2018-06-30,2,992.0,6
2018-07-01,1,138.0,2
2018-07-01,2,3727.0,3
2018-07-02,1,3290.0,4
2018-07-02,2,6927.0,0
2018-07-03,1,2974.0,1
2018-07-03,2,8809.0,2
2018-07-04,1,3057.0,3
2018-07-04,2,11010.0,4
2018-07-05,1,2934.0,5
2018-07-05,2,8245.0,6
2018-07-06,1,2890.0,0
2018-07-06,2,11235.0,1
2018-07-07,1,2320.0,2
2018-07-07,2,10448.0,3
2018-07-08,1,1301.0,4
2018-07-08,2,8277.0,5
2018-07-09,1,3561.0,6
2018-07-09,2,10980.0,0
2018-07-10,1,3062.0,1
2018-07-10,2,13198.0,2
2018-07-11,1,3319.0,3
2018-07-11,2,21685.0,4
2018-07-12,1,3191.0,5
2018-07-12,2,29243.0,6
2018-07-13,1,3486.0,0
2018-07-13,2,30026.0,1
2018-07-14,1,2883.0,3
2018-07-14,2,31460.0,4
2018-07-15,1,1145.0,5
2018-07-15,2,16686.0,6
2018-07-16,1,3265.0,0
2018-07-16,2,37253.0,1
2018-07-17,1,2800.0,2
2018-07-17,2,34807.0,3
2018-07-18,1,3066.0,4
2018-07-18,2,28120.0,5
2018-07-19,1,2903.0,6
2018-07-19,2,43340.0,0
2018-07-20,1,2696.0,1
2018-07-20,2,33773.0,2
2018-07-21,1,2021.0,3
2018-07-21,2,35356.0,4
2018-07-22,1,1205.0,5
2018-07-22,2,17673.0,6
2018-07-23,1,3280.0,0
2018-07-23,2,31838.0,1
2018-07-24,1,2598.0,2
2018-07-24,2,28571.0,3
2018-07-25,1,2889.0,4
2018-07-25,2,27377.0,5
2018-07-26,1,2793.0,6
2018-07-26,2,25149.0,0
2018-07-27,1,2798.0,1
2018-07-27,2,25880.0,2
2018-07-28,1,2215.0,3
2018-07-28,2,20478.0,0
2018-07-29,1,1176.0,1
2018-07-29,2,7236.0,3
2018-07-30,1,3485.0,4
2018-07-30,2,3462.0,5
2018-07-31,1,5856.0,6
2018-07-31,2,1607.0,0
2018-08-01,1,2885.0,1
2018-08-01,2,10898.0,2
2018-08-02,1,110.0,3
2018-08-02,2,11864.0,4
2018-08-03,1,3043.0,5
2018-08-03,2,9683.0,6
2018-08-04,1,2362.0,0
2018-08-04,2,9372.0,1
2018-08-05,1,1161.0,2
2018-08-05,2,6488.0,3
2018-08-06,1,3419.0,4
2018-08-06,2,8227.0,5
2018-08-07,1,2923.0,6
2018-08-07,2,9244.0,0
2018-08-08,1,2961.0,1
2018-08-08,2,9261.0,2
2018-08-09,1,2754.0,3
2018-08-09,2,8855.0,4
2018-08-10,1,3220.0,5
2018-08-10,2,12539.0,6
2018-08-11,1,2542.0,0
2018-08-11,2,4300.0,1
2018-08-12,1,1507.0,2
2018-08-12,2,18688.0,3
2018-08-13,1,4220.0,4
2018-08-13,2,36414.0,5
2018-08-14,1,3854.0,6
2018-08-14,2,35203.0,0
2018-08-15,1,2417.0,1
2018-08-15,2,22742.0,2
2018-08-16,1,3728.0,3
2018-08-16,2,32198.0,4
2018-08-17,1,3208.0,5
2018-08-17,2,35614.0,6
2018-08-18,1,2888.0,0
2018-08-18,2,32186.0,1
2018-08-19,1,1449.0,2
2018-08-19,2,19893.0,3
2018-08-20,1,4136.0,4
2018-08-20,2,34198.0,5
2018-08-21,1,3638.0,6
2018-08-21,2,31668.0,0
2018-08-22,1,2812.0,1
2018-08-22,2,28036.0,2
2018-08-23,1,3300.0,3
2018-08-23,2,27028.0,4
2018-08-24,1,3664.0,5
2018-08-24,2,22930.0,6
2018-08-25,1,3090.0,0
2018-08-25,2,21752.0,1
2018-08-26,1,1782.0,2
2018-08-26,2,11675.0,3
2018-08-27,1,3423.0,4
2018-08-27,2,15361.0,5
2018-08-28,1,2952.0,6
2018-08-28,2,18436.0,0
2018-08-29,1,3290.0,1
2018-08-29,2,14657.0,2
2018-08-30,1,3904.0,3
2018-08-30,2,7334.0,4
2018-08-31,1,6433.0,5
2018-08-31,2,1591.0,6
2018-09-01,1,1362.0,0
2018-09-01,2,7435.0,1
2018-09-02,1,31.0,2
2018-09-02,2,7070.0,3
2018-09-03,1,3324.0,4
2018-09-03,2,8344.0,5
2018-09-04,1,2693.0,6
2018-09-04,2,8903.0,0
2018-09-05,1,3018.0,1
2018-09-05,2,7935.0,2
2018-09-06,1,3002.0,3
2018-09-06,2,8243.0,4
2018-09-07,1,2950.0,5
2018-09-07,2,8039.0,6
2018-09-08,1,2544.0,0
2018-09-08,2,8235.0,1
2018-09-09,1,1454.0,2
2018-09-09,2,7486.0,3
2018-09-10,1,2429.0,4
2018-09-10,2,12337.0,5
2018-09-11,1,3755.0,6
2018-09-11,2,22597.0,0
2018-09-12,1,4671.0,1
2018-09-12,2,24698.0,2
2018-09-13,1,4232.0,3
2018-09-13,2,26515.0,4
2018-09-14,1,3693.0,5
2018-09-14,2,28799.0,6
2018-09-15,1,2992.0,0
2018-09-15,2,32948.0,1
2018-09-16,1,2270.0,2
2018-09-16,2,16613.0,3
2018-09-17,1,3517.0,4
2018-09-17,2,31937.0,5
2018-09-18,1,3335.0,6
2018-09-18,2,30480.0,0
2018-09-19,1,3568.0,1
2018-09-19,2,31858.0,2
2018-09-20,1,3280.0,3
2018-09-20,2,32923.0,4
2018-09-21,1,3066.0,5
2018-09-21,2,31539.0,6
2018-09-22,1,2669.0,0
2018-09-22,2,29920.0,1
2018-09-23,1,1947.0,2
2018-09-23,2,19573.0,3
2018-09-24,1,3270.0,4
2018-09-24,2,25115.0,5
2018-09-25,1,2837.0,6
2018-09-25,2,27803.0,0
2018-09-26,1,2669.0,1
2018-09-26,2,26997.0,2
2018-09-27,1,2882.0,3
2018-09-27,2,22346.0,4
2018-09-28,1,3114.0,5
2018-09-28,2,17007.0,0
2018-09-29,1,3125.0,1
2018-09-29,2,4076.0,2
2018-09-30,1,5002.0,3
2018-09-30,2,898.0,4
2018-10-01,1,2459.0,5
2018-10-01,2,8395.0,6
2018-10-02,1,63.0,0
2018-10-02,2,8501.0,1
2018-10-03,1,3197.0,2
2018-10-03,2,7184.0,3
2018-10-04,1,3070.0,4
2018-10-04,2,8353.0,5
2018-10-05,1,3345.0,6
2018-10-05,2,8106.0,0
2018-10-06,1,2917.0,1
2018-10-06,2,8430.0,2
2018-10-07,1,2217.0,3
2018-10-07,2,6754.0,4
2018-10-08,1,4324.0,5
2018-10-08,2,8824.0,6
2018-10-09,1,4567.0,0
2018-10-09,2,10041.0,1
2018-10-10,1,6574.0,2
2018-10-10,2,12560.0,3
2018-10-11,1,5829.0,4
2018-10-11,2,26243.0,5
2018-10-12,1,6026.0,0
2018-10-12,2,31719.0,1
2018-10-13,1,5064.0,2
2018-10-13,2,31738.0,3
2018-10-14,1,5184.0,4
2018-10-14,2,19703.0,5
2018-10-15,1,7700.0,6
2018-10-15,2,30276.0,0
2018-10-16,1,7420.0,1
2018-10-16,2,27595.0,2
2018-10-17,1,7909.0,3
2018-10-17,2,22652.0,4
2018-10-18,1,6828.0,5
2018-10-18,2,13860.0,6
2018-10-19,1,4148.0,0
2018-10-19,2,11845.0,1
2018-10-20,1,2888.0,2
2018-10-20,2,18717.0,3
2018-10-21,1,2106.0,4
2018-10-21,2,14740.0,5
2018-10-22,1,4574.0,6
2018-10-22,2,26766.0,0
2018-10-23,1,3940.0,1
2018-10-23,2,30504.0,2
2018-10-24,1,4727.0,3
2018-10-24,2,31334.0,5
2018-10-25,1,4044.0,0
2018-10-25,2,28564.0,1
2018-10-26,1,4311.0,2
2018-10-26,2,29134.0,3
2018-10-27,1,3644.0,4
2018-10-27,2,23610.0,5
2018-10-28,1,3037.0,6
2018-10-28,2,17447.0,0
2018-10-29,1,5309.0,1
2018-10-29,2,13299.0,2
2018-10-30,1,5358.0,3
2018-10-30,2,5133.0,4
2018-10-31,1,18580.0,5
2018-10-31,2,1916.0,6
2018-11-01,1,246.0,0
2018-11-01,2,7665.0,1
2018-11-02,1,280.0,2
2018-11-02,2,6153.0,3
2018-11-03,1,7962.0,4
2018-11-03,2,5285.0,5
2018-11-04,1,9533.0,6
2018-11-04,2,4569.0,0
2018-11-05,1,12517.0,1
2018-11-05,2,3466.0,2
2018-11-06,1,10998.0,3
2018-11-06,2,3044.0,4
2018-11-07,1,10393.0,5
2018-11-07,2,2245.0,6
2018-11-08,1,5244.0,0
2018-11-08,2,3374.0,1
2018-11-09,1,4690.0,2
2018-11-09,2,4811.0,3
2018-11-10,1,3336.0,4
2018-11-10,2,7920.0,5
2018-11-11,1,1895.0,6
2018-11-11,2,10556.0,0
2018-11-12,1,5253.0,1
2018-11-12,2,19627.0,2
2018-11-13,1,4162.0,3
2018-11-13,2,22386.0,4
2018-11-14,1,4090.0,5
2018-11-14,2,23788.0,6
2018-11-15,1,3237.0,0
2018-11-15,2,26869.0,1
2018-11-16,1,3590.0,2
2018-11-16,2,25435.0,3
2018-11-17,1,2855.0,4
2018-11-17,2,29369.0,5
2018-11-18,1,1591.0,6
2018-11-18,2,19196.0,0
2018-11-19,1,4528.0,1
2018-11-19,2,28964.0,2
2018-11-20,1,3436.0,3
2018-11-20,2,29229.0,4
2018-11-21,1,3466.0,5
2018-11-21,2,28858.0,6
2018-11-22,1,3390.0,0
2018-11-22,2,27428.0,1
2018-11-23,1,3556.0,2
2018-11-23,2,24909.0,3
2018-11-24,1,2469.0,4
2018-11-24,2,24745.0,5
2018-11-25,1,1346.0,6
2018-11-25,2,15535.0,0
2018-11-26,1,3530.0,1
2018-11-26,2,24801.0,2
2018-11-27,1,3056.0,3
2018-11-27,2,24264.0,4
2018-11-28,1,3286.0,5
2018-11-28,2,17303.0,6
2018-11-29,1,3251.0,0
2018-11-29,2,6192.0,1
2018-11-30,1,5135.0,2
2018-11-30,2,1309.0,3
2018-12-01,1,624.0,4
2018-12-01,2,7885.0,5
2018-12-02,1,692.0,6
2018-12-02,2,4642.0,0
2018-12-03,1,3455.0,1
2018-12-03,2,4863.0,2
2018-12-04,1,2965.0,3
2018-12-04,2,5702.0,4
2018-12-05,1,2891.0,5
2018-12-05,2,4461.0,6
2018-12-06,1,2974.0,0
2018-12-06,2,5192.0,1
2018-12-07,1,2743.0,2
2018-12-07,2,5580.0,3
2018-12-08,1,2194.0,4
2018-12-08,2,6255.0,5
2018-12-09,1,1227.0,6
2018-12-09,2,4736.0,0
2018-12-10,1,3281.0,1
2018-12-10,2,7111.0,2
2018-12-11,1,2894.0,3
2018-12-11,2,22447.0,4
2018-12-12,1,3018.0,5
2018-12-12,2,27006.0,6
2018-12-13,1,2987.0,0
2018-12-13,2,29512.0,1
2018-12-14,1,3050.0,2
2018-12-14,2,29255.0,3
2018-12-15,1,1911.0,4
2018-12-15,2,28818.0,5
2018-12-16,1,1157.0,6
2018-12-16,2,16784.0,0
2018-12-17,1,3250.0,1
2018-12-17,2,31959.0,2
2018-12-18,1,2602.0,3
2018-12-18,2,30828.0,4
2018-12-19,1,2989.0,5
2018-12-19,2,32024.0,6
2018-12-20,1,2878.0,0
2018-12-20,2,33782.0,1
2018-12-21,1,2887.0,2
2018-12-21,2,30829.0,3
2018-12-22,1,2230.0,4
2018-12-22,2,29914.0,5
2018-12-23,1,1290.0,6
2018-12-23,2,17015.0,0
2018-12-24,1,3464.0,1
2018-12-24,2,22621.0,2
2018-12-25,1,2848.0,3
2018-12-25,2,18225.0,4
2018-12-26,1,2832.0,5
2018-12-26,2,20953.0,6
2018-12-27,1,3026.0,0
2018-12-27,2,20222.0,1
2018-12-28,1,3203.0,2
2018-12-28,2,15611.0,3
2018-12-29,1,2709.0,4
2018-12-29,2,9341.0,5
2018-12-30,1,1906.0,6
2018-12-30,2,2873.0,0
2018-12-31,1,8116.0,1
2018-12-31,2,2159.0,2
2019-01-01,1,125.0,3
2019-01-01,2,4408.0,4
2019-01-02,1,3946.0,5
2019-01-02,2,6594.0,6
2019-01-03,1,3519.0,0
2019-01-03,2,6009.0,1
2019-01-04,1,3198.0,2
2019-01-04,2,6723.0,3
2019-01-05,1,2285.0,4
2019-01-05,2,6306.0,5
2019-01-06,1,1462.0,6
2019-01-06,2,5596.0,0
2019-01-07,1,3132.0,1
2019-01-07,2,6452.0,2
2019-01-08,1,3062.0,3
2019-01-08,2,8424.0,4
2019-01-09,1,3192.0,5
2019-01-09,2,8566.0,6
2019-01-10,1,3377.0,0
2019-01-10,2,8994.0,1
2019-01-11,1,3316.0,2
2019-01-11,2,23316.0,3
2019-01-12,1,2865.0,4
2019-01-12,2,26872.0,5
2019-01-13,1,1815.0,6
2019-01-13,2,17030.0,0
2019-01-14,1,3582.0,1
2019-01-14,2,20761.0,2
2019-01-15,1,3126.0,3
2019-01-15,2,15144.0,4
2019-01-16,1,3779.0,5
2019-01-16,2,19468.0,6
2019-01-17,1,3628.0,0
2019-01-17,2,25795.0,1
2019-01-18,1,3684.0,2
2019-01-18,2,30316.0,3
2019-01-19,1,2847.0,4
2019-01-19,2,31483.0,5
2019-01-20,1,1712.0,6
2019-01-20,2,22180.0,0
2019-01-21,1,4085.0,1
2019-01-21,2,31569.0,2
2019-01-22,1,3250.0,3
2019-01-22,2,33126.0,4
2019-01-23,1,3522.0,5
2019-01-23,2,30138.0,6
2019-01-24,1,3309.0,0
2019-01-24,2,28514.0,1
2019-01-25,1,3473.0,2
2019-01-25,2,25944.0,3
2019-01-26,1,1696.0,4
2019-01-26,2,19469.0,5
2019-01-27,1,1349.0,6
2019-01-27,2,17067.0,0
2019-01-28,1,3746.0,1
2019-01-28,2,20619.0,2
2019-01-29,1,2736.0,3
2019-01-29,2,17872.0,4
2019-01-30,1,3415.0,5
2019-01-30,2,7627.0,6
2019-01-31,1,5981.0,0
2019-01-31,2,2177.0,1
2019-02-01,1,223.0,2
2019-02-01,2,9130.0,3
2019-02-02,1,2407.0,4
2019-02-02,2,8096.0,5
2019-02-03,1,1590.0,6
2019-02-03,2,4482.0,0
2019-02-04,1,3835.0,1
2019-02-04,2,5101.0,2
2019-02-05,1,3301.0,3
2019-02-05,2,4987.0,4
2019-02-06,1,3634.0,5
2019-02-06,2,5957.0,6
2019-02-07,1,3176.0,0
2019-02-07,2,5825.0,1
2019-02-08,1,5498.0,2
2019-02-08,2,6251.0,3
2019-02-09,1,336.0,4
2019-02-09,2,5710.0,5
2019-02-10,1,1862.0,6
2019-02-10,2,4874.0,0
2019-02-11,1,3766.0,1
2019-02-11,2,16196.0,2
2019-02-12,1,3317.0,3
2019-02-12,2,17511.0,4
2019-02-13,1,2764.0,5
2019-02-13,2,27089.0,6
2019-02-14,1,3327.0,0
2019-02-14,2,30824.0,1
2019-02-15,1,3371.0,2
2019-02-15,2,29520.0,3
2019-02-16,1,2407.0,4
2019-02-16,2,31478.0,5
2019-02-17,1,1634.0,6
2019-02-17,2,18868.0,0
2019-02-18,1,3531.0,1
2019-02-18,2,28760.0,2
2019-02-19,1,3423.0,3
2019-02-19,2,30809.0,4
2019-02-20,1,3250.0,5
2019-02-20,2,30903.0,6
2019-02-21,1,3167.0,0
2019-02-21,2,30438.0,1
2019-02-22,1,3127.0,2
2019-02-22,2,26837.0,3
2019-02-23,1,1980.0,4
2019-02-23,2,25349.0,5
2019-02-24,1,1519.0,6
2019-02-24,2,17246.0,0
2019-02-25,1,3704.0,1
2019-02-25,2,22012.0,2
2019-02-26,1,2985.0,3
2019-02-26,2,22168.0,4
2019-02-27,1,3324.0,5
2019-02-27,2,12670.0,6
2019-02-28,1,5196.0,0
2019-02-28,2,2300.0,1
2019-03-01,1,2607.0,2
2019-03-01,2,7079.0,3
2019-03-02,1,533.0,4
2019-03-02,2,6662.0,5
2019-03-03,1,1619.0,6
2019-03-03,2,4388.0,0
2019-03-04,1,4596.0,1
2019-03-04,2,5229.0,2
2019-03-05,1,2947.0,3
2019-03-05,2,4933.0,4
2019-03-06,1,3163.0,5
2019-03-06,2,5747.0,6
2019-03-07,1,3189.0,0
2019-03-07,2,7105.0,1
2019-03-08,1,3488.0,2
2019-03-08,2,8782.0,3
2019-03-09,1,2491.0,4
2019-03-09,2,7835.0,5
2019-03-10,1,1526.0,6
2019-03-10,2,7242.0,0
2019-03-11,1,3968.0,1
2019-03-11,2,20922.0,2
2019-03-12,1,3461.0,3
2019-03-12,2,31879.0,4
2019-03-13,1,3535.0,5
2019-03-13,2,34588.0,6
2019-03-14,1,3269.0,0
2019-03-14,2,38345.0,1
2019-03-15,1,3418.0,2
2019-03-15,2,36212.0,3
2019-03-16,1,2341.0,4
2019-03-16,2,34031.0,5
2019-03-17,1,1869.0,6
2019-03-17,2,26901.0,0
2019-03-18,1,4233.0,1
2019-03-18,2,31358.0,2
2019-03-19,1,3609.0,3
2019-03-19,2,34886.0,4
2019-03-20,1,3885.0,5
2019-03-20,2,28774.0,6
2019-03-21,1,1357.0,0
2019-03-21,2,21543.0,1
2019-03-22,1,3032.0,2
2019-03-22,2,26322.0,3
2019-03-23,1,2790.0,4
2019-03-23,2,32255.0,5
2019-03-24,1,1723.0,6
2019-03-24,2,30927.0,0
2019-03-25,1,3996.0,1
2019-03-25,2,29637.0,2
2019-03-26,1,3474.0,3
2019-03-26,2,33167.0,4
2019-03-27,1,3593.0,5
2019-03-27,2,32126.0,6
2019-03-28,1,3439.0,0
2019-03-28,2,30723.0,1
2019-03-29,1,3528.0,2
2019-03-29,2,26324.0,3
2019-03-30,1,3063.0,4
2019-03-30,2,11251.0,5
2019-03-31,1,4871.0,6
2019-03-31,2,1357.0,0
2019-04-01,1,772.0,1
2019-04-01,2,4097.0,2
2019-04-02,1,3164.0,3
2019-04-02,2,4811.0,4
2019-04-03,1,3880.0,5
2019-04-03,2,4022.0,6
2019-04-04,1,3742.0,0
2019-04-04,2,4086.0,1
2019-04-05,1,4424.0,2
2019-04-05,2,3828.0,3
2019-04-06,1,4187.0,4
2019-04-06,2,3038.0,5
2019-04-07,1,2030.0,6
2019-04-07,2,3233.0,0
2019-04-08,1,4308.0,1
2019-04-08,2,3647.0,2
2019-04-09,1,3150.0,3
2019-04-09,2,4843.0,4
2019-04-10,1,3672.0,5
2019-04-10,2,6612.0,6
2019-04-11,1,3087.0,0
2019-04-11,2,16480.0,1
2019-04-12,1,3887.0,2
2019-04-12,2,20638.0,3
2019-04-13,1,3102.0,4
2019-04-13,2,24950.0,5
2019-04-14,1,1925.0,6
2019-04-14,2,12093.0,0
2019-04-15,1,3477.0,1
2019-04-15,2,22101.0,2
2019-04-16,1,2856.0,3
2019-04-16,2,25680.0,4
2019-04-17,1,3251.0,5
2019-04-17,2,27849.0,6
2019-04-18,1,2602.0,0
2019-04-18,2,18712.0,1
2019-04-19,1,3271.0,2
2019-04-19,2,25054.0,3
2019-04-20,1,2125.0,4
2019-04-20,2,24209.0,5
2019-04-21,1,1406.0,6
2019-04-21,2,17086.0,0
2019-04-22,1,3629.0,1
2019-04-22,2,29305.0,2
2019-04-23,1,2445.0,3
2019-04-23,2,23980.0,4
2019-04-24,1,3171.0,5
2019-04-24,2,27052.0,6
2019-04-25,1,2951.0,0
2019-04-25,2,26691.0,1
2019-04-26,1,2910.0,2
2019-04-26,2,24811.0,3
2019-04-27,1,2160.0,4
2019-04-27,2,22324.0,5
2019-04-28,1,1350.0,6
2019-04-28,2,14656.0,0
2019-04-29,1,3274.0,1
2019-04-29,2,7582.0,2
2019-04-30,1,2425.0,3
2019-04-30,2,1235.0,4
2019-05-01,1,2317.0,5
2019-05-01,2,3992.0,6
2019-05-02,1,3383.0,0
2019-05-02,2,4997.0,1
2019-05-03,1,3025.0,2
2019-05-03,2,4042.0,3
2019-05-04,1,2432.0,4
2019-05-04,2,4043.0,5
2019-05-05,1,1538.0,6
2019-05-05,2,2681.0,0
2019-05-06,1,3967.0,1
2019-05-06,2,2790.0,2
2019-05-07,1,3845.0,3
2019-05-07,2,2880.0,4
2019-05-08,1,2826.0,5
2019-05-08,2,3727.0,6
2019-05-09,1,3131.0,0
2019-05-09,2,4492.0,1
2019-05-10,1,3085.0,2
2019-05-10,2,4919.0,3
2019-05-11,1,2453.0,4
2019-05-11,2,16913.0,5
2019-05-12,1,1117.0,6
2019-05-12,2,11892.0,0
2019-05-13,1,3720.0,1
2019-05-13,2,26389.0,2
2019-05-14,1,3257.0,3
2019-05-14,2,30635.0,4
2019-05-15,1,3416.0,5
2019-05-15,2,30377.0,6
2019-05-16,1,3312.0,0
2019-05-16,2,29675.0,1
2019-05-17,1,3239.0,2
2019-05-17,2,29109.0,3
2019-05-18,1,2543.0,4
2019-05-18,2,28690.0,5
2019-05-19,1,1361.0,6
2019-05-19,2,13988.0,0
2019-05-20,1,3927.0,1
2019-05-20,2,27489.0,2
2019-05-21,1,3175.0,3
2019-05-21,2,29749.0,4
2019-05-22,1,3510.0,5
2019-05-22,2,29467.0,6
2019-05-23,1,2808.0,0
2019-05-23,2,26609.0,1
2019-05-24,1,3273.0,2
2019-05-24,2,26262.0,3
2019-05-25,1,2527.0,4
2019-05-25,2,21915.0,5
2019-05-26,1,1634.0,6
2019-05-26,2,14304.0,0
2019-05-27,1,3880.0,1
2019-05-27,2,21465.0,2
2019-05-28,1,3245.0,3
2019-05-28,2,21506.0,4
2019-05-29,1,3519.0,5
2019-05-29,2,16301.0,6
2019-05-30,1,3696.0,0
2019-05-30,2,8619.0,1
2019-05-31,1,3717.0,2
2019-05-31,2,1445.0,3
2019-06-01,1,2684.0,4
2019-06-01,2,6302.0,5
2019-06-02,1,1948.0,6
2019-06-02,2,3736.0,0
2019-06-03,1,4520.0,1
2019-06-03,2,3878.0,2
2019-06-04,1,4757.0,3
2019-06-04,2,3888.0,4
2019-06-05,1,3380.0,5
2019-06-05,2,2663.0,6
2019-06-06,1,3768.0,0
2019-06-06,2,2758.0,1
2019-06-07,1,3847.0,2
2019-06-07,2,4055.0,3
2019-06-08,1,2724.0,4
2019-06-08,2,4308.0,5
2019-06-09,1,1700.0,6
2019-06-09,2,3834.0,0
2019-06-10,1,4174.0,1
2019-06-10,2,5509.0,2
2019-06-11,1,3586.0,3
2019-06-11,2,18954.0,4
2019-06-12,1,3786.0,5
2019-06-12,2,25680.0,6
2019-06-13,1,3623.0,0
2019-06-13,2,29767.0,1
2019-06-14,1,3498.0,2
2019-06-14,2,30489.0,3
2019-06-15,1,2776.0,4
2019-06-15,2,24513.0,5
2019-06-16,1,1760.0,6
2019-06-16,2,13209.0,0
2019-06-17,1,4279.0,1
2019-06-17,2,30689.0,2
2019-06-18,1,3301.0,3
2019-06-18,2,32325.0,4
2019-06-19,1,3810.0,5
2019-06-19,2,31360.0,6
2019-06-20,1,3538.0,0
2019-06-20,2,30255.0,1
2019-06-21,1,3432.0,2
2019-06-21,2,28593.0,3
2019-06-22,1,2512.0,4
2019-06-22,2,25863.0,5
2019-06-23,1,1633.0,6
2019-06-23,2,13126.0,0
2019-06-24,1,3804.0,1
2019-06-24,2,23278.0,2
2019-06-25,1,3154.0,3
2019-06-25,2,25387.0,4
2019-06-26,1,3443.0,5
2019-06-26,2,25386.0,0
2019-06-27,1,3500.0,1
2019-06-27,2,23167.0,2
2019-06-28,1,3519.0,4
2019-06-28,2,18434.0,2
2019-06-29,1,2894.0,3
2019-06-29,2,7251.0,4
2019-06-30,1,1951.0,5
2019-06-30,2,865.0,6
2019-07-01,1,3650.0,0
2019-07-01,2,6974.0,1
2019-07-02,1,3212.0,2
2019-07-02,2,7107.0,3
2019-07-03,1,3824.0,4
2019-07-03,2,5669.0,5
2019-07-04,1,4240.0,6
2019-07-04,2,5951.0,0
2019-07-05,1,13.0,1
2019-07-05,2,4755.0,2
2019-07-06,2,3944.0,3
2019-07-07,2,3058.0,4
2019-07-08,2,3760.0,5
2019-07-09,2,4483.0,6
2019-07-10,2,5445.0,0
2019-07-11,2,16736.0,1
2019-07-12,2,23284.0,2
2019-07-13,2,26360.0,3
2019-07-14,2,12351.0,4
2019-07-15,2,26769.0,6
2019-07-16,2,31277.0,0
2019-07-17,2,31604.0,1
2019-07-18,2,32547.0,2
2019-07-19,2,29778.0,3
2019-07-20,2,26123.0,4
2019-07-21,2,12267.0,5
2019-07-22,2,27292.0,6
2019-07-23,2,29183.0,0
