,index,Unnamed: 0,application_date,case_count,day,segment
0,0,,2017-04-01,299.0,415,1
1,1,,2017-04-01,897.0,80,2
2,2,,2017-04-02,605.0,96,2
3,3,,2017-04-03,42.0,0,1
4,4,,2017-04-03,2016.0,0,2
5,5,,2017-04-04,23.0,83,1
6,6,,2017-04-04,2245.0,16,2
7,7,,2017-04-05,1530.0,166,1
8,8,,2017-04-05,2415.0,32,2
9,9,,2017-04-06,2379.0,48,2
10,10,,2017-04-07,1341.0,332,1
11,11,,2017-04-07,2249.0,64,2
12,12,,2017-04-08,2297.0,80,2
13,13,,2017-04-09,1435.0,96,2
14,14,,2017-04-10,3166.0,0,2
15,15,,2017-04-11,5649.0,16,2
16,16,,2017-04-12,1468.0,166,1
17,17,,2017-04-12,8781.0,32,2
18,18,,2017-04-13,1340.0,249,1
19,19,,2017-04-13,10351.0,48,2
20,20,,2017-04-14,1330.0,332,1
21,21,,2017-04-14,8289.0,64,2
22,22,,2017-04-15,981.0,415,1
23,23,,2017-04-15,8799.0,80,2
24,24,,2017-04-16,409.0,498,1
25,25,,2017-04-16,6745.0,96,2
26,26,,2017-04-17,1515.0,0,1
27,27,,2017-04-17,9597.0,0,2
28,28,,2017-04-18,1442.0,83,1
29,29,,2017-04-18,11351.0,16,2
30,30,,2017-04-19,1404.0,166,1
31,31,,2017-04-19,12310.0,32,2
32,32,,2017-04-20,1350.0,249,1
33,33,,2017-04-20,12384.0,48,2
34,34,,2017-04-21,1390.0,332,1
35,35,,2017-04-21,10857.0,64,2
36,36,,2017-04-22,1060.0,415,1
37,37,,2017-04-22,8881.0,80,2
38,38,,2017-04-23,380.0,498,1
39,39,,2017-04-23,6172.0,96,2
40,40,,2017-04-24,1626.0,0,1
41,41,,2017-04-24,5931.0,0,2
42,42,,2017-04-25,1450.0,83,1
43,43,,2017-04-25,4422.0,16,2
44,44,,2017-04-26,1546.0,166,1
45,45,,2017-04-26,2384.0,32,2
46,46,,2017-04-27,1710.0,249,1
47,47,,2017-04-27,1102.0,48,2
48,48,,2017-04-28,1927.0,332,1
49,49,,2017-04-28,810.0,64,2
50,50,,2017-04-29,1355.0,415,1
51,51,,2017-04-29,854.0,80,2
52,52,,2017-04-30,6472.0,498,1
53,53,,2017-04-30,881.0,96,2
54,54,,2017-05-01,1472.0,0,1
55,55,,2017-05-01,1354.0,0,2
56,56,,2017-05-02,198.0,83,1
57,57,,2017-05-02,1929.0,16,2
58,58,,2017-05-03,76.0,166,1
59,59,,2017-05-03,1925.0,32,2
60,60,,2017-05-04,165.0,249,1
61,61,,2017-05-04,2993.0,48,2
62,62,,2017-05-05,2457.0,332,1
63,63,,2017-05-05,2724.0,64,2
64,64,,2017-05-06,2441.0,80,2
65,65,,2017-05-07,426.0,498,1
66,66,,2017-05-07,1652.0,96,2
67,67,,2017-05-08,4.0,0,1
68,68,,2017-05-08,2118.0,0,2
69,69,,2017-05-09,51.0,83,1
70,70,,2017-05-09,2964.0,16,2
71,71,,2017-05-10,1582.0,166,1
72,72,,2017-05-10,3030.0,32,2
73,73,,2017-05-11,1423.0,249,1
74,74,,2017-05-11,6776.0,48,2
75,75,,2017-05-12,1533.0,332,1
76,76,,2017-05-12,8364.0,64,2
77,77,,2017-05-13,1125.0,415,1
78,78,,2017-05-13,6431.0,80,2
79,79,,2017-05-14,338.0,498,1
80,80,,2017-05-14,5005.0,96,2
81,81,,2017-05-15,1733.0,0,1
82,82,,2017-05-15,8251.0,0,2
83,83,,2017-05-16,1500.0,83,1
84,84,,2017-05-16,8312.0,16,2
85,85,,2017-05-17,1632.0,166,1
86,86,,2017-05-17,9642.0,32,2
87,87,,2017-05-18,1530.0,249,1
88,88,,2017-05-18,13979.0,48,2
89,89,,2017-05-19,1576.0,332,1
90,90,,2017-05-19,10976.0,64,2
91,91,,2017-05-20,1220.0,415,1
92,92,,2017-05-20,10215.0,80,2
93,93,,2017-05-21,458.0,498,1
94,94,,2017-05-21,7058.0,96,2
95,95,,2017-05-22,1746.0,0,1
96,96,,2017-05-22,8148.0,0,2
97,97,,2017-05-23,1615.0,83,1
98,98,,2017-05-23,8625.0,16,2
99,99,,2017-05-24,1623.0,166,1
100,100,,2017-05-24,7599.0,32,2
101,101,,2017-05-25,1529.0,249,1
102,102,,2017-05-25,6402.0,48,2
103,103,,2017-05-26,1587.0,332,1
104,104,,2017-05-26,4841.0,64,2
105,105,,2017-05-27,1277.0,415,1
106,106,,2017-05-27,3915.0,80,2
107,107,,2017-05-28,524.0,498,1
108,108,,2017-05-28,1193.0,96,2
109,109,,2017-05-29,1935.0,0,1
110,110,,2017-05-29,747.0,0,2
111,111,,2017-05-30,1732.0,83,1
112,112,,2017-05-30,1396.0,16,2
113,113,,2017-05-31,6740.0,166,1
114,114,,2017-05-31,2041.0,32,2
115,115,,2017-06-01,3.0,249,1
116,116,,2017-06-01,4245.0,48,2
117,117,,2017-06-02,642.0,332,1
118,118,,2017-06-02,3926.0,64,2
119,119,,2017-06-03,497.0,415,1
120,120,,2017-06-03,4417.0,80,2
121,121,,2017-06-04,408.0,498,1
122,122,,2017-06-04,1800.0,96,2
123,123,,2017-06-05,1696.0,0,1
124,124,,2017-06-05,2929.0,0,2
125,125,,2017-06-06,193.0,83,1
126,126,,2017-06-06,4258.0,16,2
127,127,,2017-06-07,1736.0,166,1
128,128,,2017-06-07,4206.0,32,2
129,129,,2017-06-08,1445.0,249,1
130,130,,2017-06-08,4547.0,48,2
131,131,,2017-06-09,2061.0,332,1
132,132,,2017-06-09,4954.0,64,2
133,133,,2017-06-10,1549.0,415,1
134,134,,2017-06-10,5803.0,80,2
135,135,,2017-06-11,667.0,498,1
136,136,,2017-06-11,6336.0,96,2
137,137,,2017-06-12,2176.0,0,1
138,138,,2017-06-12,11984.0,0,2
139,139,,2017-06-13,1972.0,83,1
140,140,,2017-06-13,16631.0,16,2
141,141,,2017-06-14,2053.0,166,1
142,142,,2017-06-14,16384.0,32,2
143,143,,2017-06-15,1958.0,249,1
144,144,,2017-06-15,16919.0,48,2
145,145,,2017-06-16,2111.0,332,1
146,146,,2017-06-16,16392.0,64,2
147,147,,2017-06-17,1744.0,415,1
148,148,,2017-06-17,14947.0,80,2
149,149,,2017-06-18,706.0,498,1
150,150,,2017-06-18,10709.0,96,2
151,151,,2017-06-19,2443.0,0,1
152,152,,2017-06-19,14096.0,0,2
153,153,,2017-06-20,2127.0,83,1
154,154,,2017-06-20,16381.0,16,2
155,155,,2017-06-21,2363.0,166,1
156,156,,2017-06-21,16155.0,32,2
157,157,,2017-06-22,2495.0,249,1
158,158,,2017-06-22,14993.0,48,2
159,159,,2017-06-23,2639.0,332,1
160,160,,2017-06-23,11908.0,64,2
161,161,,2017-06-24,2582.0,415,1
162,162,,2017-06-24,8951.0,80,2
163,163,,2017-06-25,1647.0,498,1
164,164,,2017-06-25,5764.0,96,2
165,165,,2017-06-26,1774.0,0,1
166,166,,2017-06-26,5728.0,0,2
167,167,,2017-06-27,1935.0,83,1
168,168,,2017-06-27,3152.0,16,2
169,169,,2017-06-28,2168.0,166,1
170,170,,2017-06-28,2517.0,32,2
171,171,,2017-06-29,2291.0,249,1
172,172,,2017-06-29,1899.0,48,2
173,173,,2017-06-30,9750.0,332,1
174,174,,2017-06-30,1973.0,64,2
175,175,,2017-07-01,1811.0,415,1
176,176,,2017-07-01,2073.0,80,2
177,177,,2017-07-02,5.0,498,1
178,178,,2017-07-02,1343.0,96,2
179,179,,2017-07-03,2932.0,0,2
180,180,,2017-07-04,4657.0,16,2
181,181,,2017-07-05,1304.0,166,1
182,182,,2017-07-05,4882.0,32,2
183,183,,2017-07-06,154.0,249,1
184,184,,2017-07-06,5000.0,48,2
185,185,,2017-07-07,495.0,332,1
186,186,,2017-07-07,5322.0,64,2
187,187,,2017-07-08,4885.0,80,2
188,188,,2017-07-09,3939.0,96,2
189,189,,2017-07-10,1878.0,0,1
190,190,,2017-07-10,5733.0,0,2
191,191,,2017-07-11,1510.0,83,1
192,192,,2017-07-11,12403.0,16,2
193,193,,2017-07-12,1713.0,166,1
194,194,,2017-07-12,16716.0,32,2
195,195,,2017-07-13,1540.0,249,1
196,196,,2017-07-13,19424.0,48,2
197,197,,2017-07-14,1552.0,332,1
198,198,,2017-07-14,19432.0,64,2
199,199,,2017-07-15,1185.0,415,1
200,200,,2017-07-15,17602.0,80,2
201,201,,2017-07-16,602.0,498,1
202,202,,2017-07-16,11732.0,96,2
203,203,,2017-07-17,1842.0,0,1
204,204,,2017-07-17,18006.0,0,2
205,205,,2017-07-18,1568.0,83,1
206,206,,2017-07-18,20867.0,16,2
207,207,,2017-07-19,1592.0,166,1
208,208,,2017-07-19,21357.0,32,2
209,209,,2017-07-20,1558.0,249,1
210,210,,2017-07-20,22155.0,48,2
211,211,,2017-07-21,1623.0,332,1
212,212,,2017-07-21,17095.0,64,2
213,213,,2017-07-22,1087.0,415,1
214,214,,2017-07-22,15158.0,80,2
215,215,,2017-07-23,450.0,498,1
216,216,,2017-07-23,10019.0,96,2
217,217,,2017-07-24,1774.0,0,1
218,218,,2017-07-24,9565.0,0,2
219,219,,2017-07-25,1540.0,83,1
220,220,,2017-07-25,9210.0,16,2
221,221,,2017-07-26,1586.0,166,1
222,222,,2017-07-26,8593.0,32,2
223,223,,2017-07-27,1502.0,249,1
224,224,,2017-07-27,6654.0,48,2
225,225,,2017-07-28,1710.0,332,1
226,226,,2017-07-28,2203.0,64,2
227,227,,2017-07-29,1375.0,415,1
228,228,,2017-07-29,1251.0,80,2
229,229,,2017-07-30,681.0,498,1
230,230,,2017-07-30,798.0,96,2
231,231,,2017-07-31,11594.0,0,1
232,232,,2017-07-31,1887.0,0,2
233,233,,2017-08-01,921.0,83,1
234,234,,2017-08-01,4455.0,16,2
235,235,,2017-08-02,5794.0,32,2
236,236,,2017-08-03,2.0,249,1
237,237,,2017-08-03,5792.0,48,2
238,238,,2017-08-04,1.0,332,1
239,239,,2017-08-04,5173.0,64,2
240,240,,2017-08-05,4.0,415,1
241,241,,2017-08-05,5289.0,80,2
242,242,,2017-08-06,3.0,498,1
243,243,,2017-08-06,4052.0,96,2
244,244,,2017-08-07,1893.0,0,1
245,245,,2017-08-07,4551.0,0,2
246,246,,2017-08-08,1850.0,83,1
247,247,,2017-08-08,5451.0,16,2
248,248,,2017-08-09,2010.0,166,1
249,249,,2017-08-09,6984.0,32,2
250,250,,2017-08-10,2037.0,249,1
251,251,,2017-08-10,7667.0,48,2
252,252,,2017-08-11,1934.0,332,1
253,253,,2017-08-11,13612.0,64,2
254,254,,2017-08-12,1838.0,415,1
255,255,,2017-08-12,17690.0,80,2
256,256,,2017-08-13,965.0,498,1
257,257,,2017-08-13,11725.0,96,2
258,258,,2017-08-14,2888.0,0,1
259,259,,2017-08-14,18639.0,0,2
260,260,,2017-08-15,1229.0,83,1
261,261,,2017-08-15,17082.0,16,2
262,262,,2017-08-16,2269.0,166,1
263,263,,2017-08-16,20262.0,32,2
264,264,,2017-08-17,2012.0,249,1
265,265,,2017-08-17,21928.0,48,2
266,266,,2017-08-18,2141.0,332,1
267,267,,2017-08-18,21309.0,64,2
268,268,,2017-08-19,1723.0,415,1
269,269,,2017-08-19,20726.0,80,2
270,270,,2017-08-20,813.0,498,1
271,271,,2017-08-20,15069.0,96,2
272,272,,2017-08-21,2344.0,0,1
273,273,,2017-08-21,17871.0,0,2
274,274,,2017-08-22,2063.0,83,1
275,275,,2017-08-22,19539.0,16,2
276,276,,2017-08-23,2504.0,166,1
277,277,,2017-08-23,17197.0,32,2
278,278,,2017-08-24,2693.0,249,1
279,279,,2017-08-24,13876.0,48,2
280,280,,2017-08-25,2358.0,332,1
281,281,,2017-08-25,10181.0,64,2
282,282,,2017-08-26,1589.0,415,1
283,283,,2017-08-26,9340.0,80,2
284,284,,2017-08-27,839.0,498,1
285,285,,2017-08-27,6762.0,96,2
286,286,,2017-08-28,2301.0,0,1
287,287,,2017-08-28,4695.0,0,2
288,288,,2017-08-29,1906.0,83,1
289,289,,2017-08-29,2335.0,16,2
290,290,,2017-08-30,2065.0,166,1
291,291,,2017-08-30,1555.0,32,2
292,292,,2017-08-31,13590.0,249,1
293,293,,2017-08-31,2237.0,48,2
294,294,,2017-09-01,4372.0,64,2
295,295,,2017-09-02,6249.0,80,2
296,296,,2017-09-03,4469.0,96,2
297,297,,2017-09-04,6.0,0,1
298,298,,2017-09-04,5641.0,0,2
299,299,,2017-09-05,1101.0,83,1
300,300,,2017-09-05,6377.0,16,2
301,301,,2017-09-06,6894.0,32,2
302,302,,2017-09-07,805.0,249,1
303,303,,2017-09-07,8062.0,48,2
304,304,,2017-09-08,2073.0,332,1
305,305,,2017-09-08,7799.0,64,2
306,306,,2017-09-09,1746.0,415,1
307,307,,2017-09-09,8598.0,80,2
308,308,,2017-09-10,932.0,498,1
309,309,,2017-09-10,6695.0,96,2
310,310,,2017-09-11,2378.0,0,1
311,311,,2017-09-11,14050.0,0,2
312,312,,2017-09-12,2378.0,83,1
313,313,,2017-09-12,21192.0,16,2
314,314,,2017-09-13,2551.0,166,1
315,315,,2017-09-13,23051.0,32,2
316,316,,2017-09-14,2539.0,249,1
317,317,,2017-09-14,24867.0,48,2
318,318,,2017-09-15,2836.0,332,1
319,319,,2017-09-15,23169.0,64,2
320,320,,2017-09-16,2693.0,415,1
321,321,,2017-09-16,22296.0,80,2
322,322,,2017-09-17,1376.0,498,1
323,323,,2017-09-17,16429.0,96,2
324,324,,2017-09-18,3114.0,0,1
325,325,,2017-09-18,20130.0,0,2
326,326,,2017-09-19,3080.0,83,1
327,327,,2017-09-19,15067.0,16,2
328,328,,2017-09-20,3541.0,166,1
329,329,,2017-09-20,23379.0,32,2
330,330,,2017-09-21,4436.0,249,1
331,331,,2017-09-21,20323.0,48,2
332,332,,2017-09-22,4330.0,332,1
333,333,,2017-09-22,16893.0,64,2
334,334,,2017-09-23,3701.0,415,1
335,335,,2017-09-23,12440.0,80,2
336,336,,2017-09-24,3508.0,498,1
337,337,,2017-09-24,9308.0,96,2
338,338,,2017-09-25,5201.0,0,1
339,339,,2017-09-25,8926.0,0,2
340,340,,2017-09-26,5188.0,83,1
341,341,,2017-09-26,7662.0,16,2
342,342,,2017-09-27,5378.0,166,1
343,343,,2017-09-27,5690.0,32,2
344,344,,2017-09-28,4584.0,249,1
345,345,,2017-09-28,3268.0,48,2
346,346,,2017-09-29,4464.0,332,1
347,347,,2017-09-29,889.0,64,2
348,348,,2017-09-30,21631.0,415,1
349,349,,2017-09-30,439.0,80,2
350,350,,2017-10-01,1280.0,498,1
351,351,,2017-10-01,973.0,96,2
352,352,,2017-10-02,226.0,0,1
353,353,,2017-10-02,2341.0,0,2
354,354,,2017-10-03,172.0,83,1
355,355,,2017-10-03,4627.0,16,2
356,356,,2017-10-04,209.0,166,1
357,357,,2017-10-04,5338.0,32,2
358,358,,2017-10-05,352.0,249,1
359,359,,2017-10-05,6885.0,48,2
360,360,,2017-10-06,361.0,332,1
361,361,,2017-10-06,7567.0,64,2
362,362,,2017-10-07,274.0,415,1
363,363,,2017-10-07,7786.0,80,2
364,364,,2017-10-08,573.0,498,1
365,365,,2017-10-08,6932.0,96,2
366,366,,2017-10-09,1688.0,0,1
367,367,,2017-10-09,8299.0,0,2
368,368,,2017-10-10,1839.0,83,1
369,369,,2017-10-10,11235.0,16,2
370,370,,2017-10-11,3701.0,166,1
371,371,,2017-10-11,18217.0,32,2
372,372,,2017-10-12,4017.0,249,1
373,373,,2017-10-12,23977.0,48,2
374,374,,2017-10-13,4355.0,332,1
375,375,,2017-10-13,26211.0,64,2
376,376,,2017-10-14,4048.0,415,1
377,377,,2017-10-14,24403.0,80,2
378,378,,2017-10-15,3928.0,498,1
379,379,,2017-10-15,17067.0,96,2
380,380,,2017-10-16,6696.0,0,1
381,381,,2017-10-16,19907.0,0,2
382,382,,2017-10-17,7223.0,83,1
383,383,,2017-10-17,18168.0,16,2
384,384,,2017-10-18,6344.0,166,1
385,385,,2017-10-18,14006.0,32,2
386,386,,2017-10-19,4650.0,249,1
387,387,,2017-10-19,12688.0,48,2
388,388,,2017-10-20,2423.0,332,1
389,389,,2017-10-20,15696.0,64,2
390,390,,2017-10-21,1718.0,415,1
391,391,,2017-10-21,16584.0,80,2
392,392,,2017-10-22,1002.0,498,1
393,393,,2017-10-22,13993.0,96,2
394,394,,2017-10-23,2570.0,0,1
395,395,,2017-10-23,17483.0,0,2
396,396,,2017-10-24,2272.0,83,1
397,397,,2017-10-24,19773.0,16,2
398,398,,2017-10-25,2968.0,166,1
399,399,,2017-10-25,17149.0,32,2
400,400,,2017-10-26,2533.0,249,1
401,401,,2017-10-26,16545.0,48,2
402,402,,2017-10-27,2556.0,332,1
403,403,,2017-10-27,14385.0,64,2
404,404,,2017-10-28,2062.0,415,1
405,405,,2017-10-28,8564.0,80,2
406,406,,2017-10-29,883.0,498,1
407,407,,2017-10-29,3314.0,96,2
408,408,,2017-10-30,2810.0,0,1
409,409,,2017-10-30,1024.0,0,2
410,410,,2017-10-31,15429.0,83,1
411,411,,2017-10-31,1015.0,16,2
412,412,,2017-11-01,583.0,166,1
413,413,,2017-11-01,3841.0,32,2
414,414,,2017-11-02,29.0,249,1
415,415,,2017-11-02,4069.0,48,2
416,416,,2017-11-03,65.0,332,1
417,417,,2017-11-03,6458.0,64,2
418,418,,2017-11-04,40.0,415,1
419,419,,2017-11-04,6454.0,80,2
420,420,,2017-11-05,6.0,498,1
421,421,,2017-11-05,4174.0,96,2
422,422,,2017-11-06,60.0,0,1
423,423,,2017-11-06,6474.0,0,2
424,424,,2017-11-07,251.0,83,1
425,425,,2017-11-07,7488.0,16,2
426,426,,2017-11-08,1556.0,166,1
427,427,,2017-11-08,8606.0,32,2
428,428,,2017-11-09,1872.0,249,1
429,429,,2017-11-09,9825.0,48,2
430,430,,2017-11-10,1998.0,332,1
431,431,,2017-11-10,9843.0,64,2
432,432,,2017-11-11,1532.0,415,1
433,433,,2017-11-11,17385.0,80,2
434,434,,2017-11-12,636.0,498,1
435,435,,2017-11-12,14594.0,96,2
436,436,,2017-11-13,2242.0,0,1
437,437,,2017-11-13,21311.0,0,2
438,438,,2017-11-14,1988.0,83,1
439,439,,2017-11-14,27580.0,16,2
440,440,,2017-11-15,1907.0,166,1
441,441,,2017-11-15,28872.0,32,2
442,442,,2017-11-16,1838.0,249,1
443,443,,2017-11-16,28331.0,48,2
444,444,,2017-11-17,1801.0,332,1
445,445,,2017-11-17,25391.0,64,2
446,446,,2017-11-18,1537.0,415,1
447,447,,2017-11-18,23316.0,80,2
448,448,,2017-11-19,2846.0,498,1
449,449,,2017-11-19,17062.0,96,2
450,450,,2017-11-20,56.0,0,1
451,451,,2017-11-20,21964.0,0,2
452,452,,2017-11-21,1934.0,83,1
453,453,,2017-11-21,23594.0,16,2
454,454,,2017-11-22,1904.0,166,1
455,455,,2017-11-22,22100.0,32,2
456,456,,2017-11-23,1914.0,249,1
457,457,,2017-11-23,20300.0,48,2
458,458,,2017-11-24,1980.0,332,1
459,459,,2017-11-24,17048.0,64,2
460,460,,2017-11-25,1471.0,415,1
461,461,,2017-11-25,14954.0,80,2
462,462,,2017-11-26,572.0,498,1
463,463,,2017-11-26,9893.0,96,2
464,464,,2017-11-27,2104.0,0,1
465,465,,2017-11-27,11163.0,0,2
466,466,,2017-11-28,1827.0,83,1
467,467,,2017-11-28,5170.0,16,2
468,468,,2017-11-29,1938.0,166,1
469,469,,2017-11-29,1540.0,32,2
470,470,,2017-11-30,5966.0,249,1
471,471,,2017-11-30,1289.0,48,2
472,472,,2017-12-01,56.0,332,1
473,473,,2017-12-01,3120.0,64,2
474,474,,2017-12-02,44.0,415,1
475,475,,2017-12-02,5010.0,80,2
476,476,,2017-12-03,292.0,498,1
477,477,,2017-12-03,3426.0,96,2
478,478,,2017-12-04,1610.0,0,1
479,479,,2017-12-04,5909.0,0,2
480,480,,2017-12-05,1650.0,83,1
481,481,,2017-12-05,6052.0,16,2
482,482,,2017-12-06,1904.0,166,1
483,483,,2017-12-06,7124.0,32,2
484,484,,2017-12-07,1875.0,249,1
485,485,,2017-12-07,8026.0,48,2
486,486,,2017-12-08,1861.0,332,1
487,487,,2017-12-08,7534.0,64,2
488,488,,2017-12-09,1485.0,415,1
489,489,,2017-12-09,8758.0,80,2
490,490,,2017-12-10,621.0,498,1
491,491,,2017-12-10,6100.0,96,2
492,492,,2017-12-11,2319.0,0,1
493,493,,2017-12-11,15291.0,0,2
494,494,,2017-12-12,2237.0,83,1
495,495,,2017-12-12,22734.0,16,2
496,496,,2017-12-13,2320.0,166,1
497,497,,2017-12-13,25417.0,32,2
498,498,,2017-12-14,2260.0,249,1
499,499,,2017-12-14,24401.0,48,2
500,500,,2017-12-15,2326.0,332,1
501,501,,2017-12-15,26953.0,64,2
502,502,,2017-12-16,1796.0,415,1
503,503,,2017-12-16,24836.0,80,2
504,504,,2017-12-17,767.0,498,1
505,505,,2017-12-17,16655.0,96,2
506,506,,2017-12-18,2393.0,0,1
507,507,,2017-12-18,24011.0,0,2
508,508,,2017-12-19,2180.0,83,1
509,509,,2017-12-19,27077.0,16,2
510,510,,2017-12-20,2454.0,166,1
511,511,,2017-12-20,27934.0,32,2
512,512,,2017-12-21,1886.0,249,1
513,513,,2017-12-21,26353.0,48,2
514,514,,2017-12-22,1921.0,332,1
515,515,,2017-12-22,22072.0,64,2
516,516,,2017-12-23,1981.0,415,1
517,517,,2017-12-23,20863.0,80,2
518,518,,2017-12-24,757.0,498,1
519,519,,2017-12-24,13367.0,96,2
520,520,,2017-12-25,2169.0,0,1
521,521,,2017-12-25,12427.0,0,2
522,522,,2017-12-26,2251.0,83,1
523,523,,2017-12-26,13929.0,16,2
524,524,,2017-12-27,2374.0,166,1
525,525,,2017-12-27,12936.0,32,2
526,526,,2017-12-28,2555.0,249,1
527,527,,2017-12-28,11402.0,48,2
528,528,,2017-12-29,2913.0,332,1
529,529,,2017-12-29,8527.0,64,2
530,530,,2017-12-30,2736.0,415,1
531,531,,2017-12-30,4824.0,80,2
532,532,,2017-12-31,14106.0,498,1
533,533,,2017-12-31,791.0,96,2
534,534,,2018-01-01,1391.0,0,1
535,535,,2018-01-01,2110.0,0,2
536,536,,2018-01-02,84.0,83,1
537,537,,2018-01-02,6491.0,16,2
538,538,,2018-01-03,45.0,166,1
539,539,,2018-01-03,9691.0,32,2
540,540,,2018-01-04,76.0,249,1
541,541,,2018-01-04,10467.0,48,2
542,542,,2018-01-05,1789.0,332,1
543,543,,2018-01-05,10449.0,64,2
544,544,,2018-01-06,1372.0,415,1
545,545,,2018-01-06,10382.0,80,2
546,546,,2018-01-07,7813.0,96,2
547,547,,2018-01-08,81.0,0,1
548,548,,2018-01-08,10306.0,0,2
549,549,,2018-01-09,2619.0,83,1
550,550,,2018-01-09,10859.0,16,2
551,551,,2018-01-10,2497.0,166,1
552,552,,2018-01-10,13309.0,32,2
553,553,,2018-01-11,2522.0,249,1
554,554,,2018-01-11,21872.0,48,2
555,555,,2018-01-12,2757.0,332,1
556,556,,2018-01-12,26325.0,64,2
557,557,,2018-01-13,2306.0,415,1
558,558,,2018-01-13,23737.0,80,2
559,559,,2018-01-14,1167.0,498,1
560,560,,2018-01-14,11974.0,96,2
561,561,,2018-01-15,2420.0,0,1
562,562,,2018-01-15,14284.0,0,2
563,563,,2018-01-16,2625.0,83,1
564,564,,2018-01-16,21445.0,16,2
565,565,,2018-01-17,2854.0,166,1
566,566,,2018-01-17,27351.0,32,2
567,567,,2018-01-18,2947.0,249,1
568,568,,2018-01-18,28950.0,48,2
569,569,,2018-01-19,2859.0,332,1
570,570,,2018-01-19,27414.0,64,2
571,571,,2018-01-20,2218.0,415,1
572,572,,2018-01-20,25522.0,80,2
573,573,,2018-01-21,1108.0,498,1
574,574,,2018-01-21,17975.0,96,2
575,575,,2018-01-22,3198.0,0,1
576,576,,2018-01-22,20582.0,0,2
577,577,,2018-01-23,2519.0,83,1
578,578,,2018-01-23,25271.0,16,2
579,579,,2018-01-24,2574.0,166,1
580,580,,2018-01-24,21599.0,32,2
581,581,,2018-01-25,2126.0,249,1
582,582,,2018-01-25,21689.0,48,2
583,583,,2018-01-26,1454.0,332,1
584,584,,2018-01-26,17813.0,64,2
585,585,,2018-01-27,2127.0,415,1
586,586,,2018-01-27,14454.0,80,2
587,587,,2018-01-28,911.0,498,1
588,588,,2018-01-28,7434.0,96,2
589,589,,2018-01-29,2821.0,0,1
590,590,,2018-01-29,10408.0,0,2
591,591,,2018-01-30,2479.0,83,1
592,592,,2018-01-30,3919.0,16,2
593,593,,2018-01-31,9628.0,166,1
594,594,,2018-01-31,1302.0,32,2
595,595,,2018-02-01,472.0,249,1
596,596,,2018-02-01,2760.0,48,2
597,597,,2018-02-02,66.0,332,1
598,598,,2018-02-02,9679.0,64,2
599,599,,2018-02-03,52.0,415,1
600,600,,2018-02-03,8998.0,80,2
601,601,,2018-02-04,6654.0,96,2
602,602,,2018-02-05,2654.0,0,1
603,603,,2018-02-05,8144.0,0,2
604,604,,2018-02-06,2419.0,83,1
605,605,,2018-02-06,9611.0,16,2
606,606,,2018-02-07,2439.0,166,1
607,607,,2018-02-07,9991.0,32,2
608,608,,2018-02-08,2369.0,249,1
609,609,,2018-02-08,9954.0,48,2
610,610,,2018-02-09,2470.0,332,1
611,611,,2018-02-09,11975.0,64,2
612,612,,2018-02-10,1974.0,415,1
613,613,,2018-02-10,12203.0,80,2
614,614,,2018-02-11,966.0,498,1
615,615,,2018-02-11,12013.0,96,2
616,616,,2018-02-12,3413.0,0,1
617,617,,2018-02-12,22881.0,0,2
618,618,,2018-02-13,3092.0,83,1
619,619,,2018-02-13,27636.0,16,2
620,620,,2018-02-14,2702.0,166,1
621,621,,2018-02-14,27603.0,32,2
622,622,,2018-02-15,2354.0,249,1
623,623,,2018-02-15,26714.0,48,2
624,624,,2018-02-16,2543.0,332,1
625,625,,2018-02-16,29129.0,64,2
626,626,,2018-02-17,2003.0,415,1
627,627,,2018-02-17,28365.0,80,2
628,628,,2018-02-18,923.0,498,1
629,629,,2018-02-18,12071.0,96,2
630,630,,2018-02-19,2405.0,0,1
631,631,,2018-02-19,24006.0,0,2
632,632,,2018-02-20,2488.0,83,1
633,633,,2018-02-20,32399.0,16,2
634,634,,2018-02-21,2589.0,166,1
635,635,,2018-02-21,28719.0,32,2
636,636,,2018-02-22,2513.0,249,1
637,637,,2018-02-22,26985.0,48,2
638,638,,2018-02-23,2415.0,332,1
639,639,,2018-02-23,23457.0,64,2
640,640,,2018-02-24,1908.0,415,1
641,641,,2018-02-24,20055.0,80,2
642,642,,2018-02-25,963.0,498,1
643,643,,2018-02-25,13217.0,96,2
644,644,,2018-02-26,2665.0,0,1
645,645,,2018-02-26,11843.0,0,2
646,646,,2018-02-27,2530.0,83,1
647,647,,2018-02-27,5083.0,16,2
648,648,,2018-02-28,9134.0,166,1
649,649,,2018-02-28,206.0,32,2
650,650,,2018-03-01,88.0,249,1
651,651,,2018-03-01,2793.0,48,2
652,652,,2018-03-02,5726.0,64,2
653,653,,2018-03-03,58.0,415,1
654,654,,2018-03-03,6613.0,80,2
655,655,,2018-03-04,5420.0,96,2
656,656,,2018-03-05,3243.0,0,1
657,657,,2018-03-05,6885.0,0,2
658,658,,2018-03-06,2645.0,83,1
659,659,,2018-03-06,8745.0,16,2
660,660,,2018-03-07,2821.0,166,1
661,661,,2018-03-07,10661.0,32,2
662,662,,2018-03-08,2794.0,249,1
663,663,,2018-03-08,7692.0,48,2
664,664,,2018-03-09,2832.0,332,1
665,665,,2018-03-09,14017.0,64,2
666,666,,2018-03-10,2348.0,415,1
667,667,,2018-03-10,15285.0,80,2
668,668,,2018-03-11,1324.0,498,1
669,669,,2018-03-11,21050.0,96,2
670,670,,2018-03-12,3468.0,0,1
671,671,,2018-03-12,33322.0,0,2
672,672,,2018-03-13,3023.0,83,1
673,673,,2018-03-13,29442.0,16,2
674,674,,2018-03-14,3313.0,166,1
675,675,,2018-03-14,27574.0,32,2
676,676,,2018-03-15,3515.0,249,1
677,677,,2018-03-15,33319.0,48,2
678,678,,2018-03-16,3888.0,332,1
679,679,,2018-03-16,31912.0,64,2
680,680,,2018-03-17,4041.0,415,1
681,681,,2018-03-17,28397.0,80,2
682,682,,2018-03-18,3124.0,498,1
683,683,,2018-03-18,27548.0,96,2
684,684,,2018-03-19,3576.0,0,1
685,685,,2018-03-19,23935.0,0,2
686,686,,2018-03-20,2814.0,83,1
687,687,,2018-03-20,29543.0,16,2
688,688,,2018-03-21,3059.0,166,1
689,689,,2018-03-21,27960.0,32,2
690,690,,2018-03-22,3143.0,249,1
691,691,,2018-03-22,28337.0,48,2
692,692,,2018-03-23,3311.0,332,1
693,693,,2018-03-23,24437.0,64,2
694,694,,2018-03-24,2854.0,415,1
695,695,,2018-03-24,24242.0,80,2
696,696,,2018-03-25,1655.0,498,1
697,697,,2018-03-25,17959.0,96,2
698,698,,2018-03-26,3140.0,0,1
699,699,,2018-03-26,17734.0,0,2
700,700,,2018-03-27,2922.0,83,1
701,701,,2018-03-27,17174.0,16,2
702,702,,2018-03-28,3128.0,166,1
703,703,,2018-03-28,13240.0,32,2
704,704,,2018-03-29,3126.0,249,1
705,705,,2018-03-29,9144.0,48,2
706,706,,2018-03-30,3289.0,332,1
707,707,,2018-03-30,3526.0,64,2
708,708,,2018-03-31,21885.0,415,1
709,709,,2018-03-31,706.0,80,2
710,710,,2018-04-01,2.0,498,1
711,711,,2018-04-01,1740.0,96,2
712,712,,2018-04-02,122.0,0,1
713,713,,2018-04-02,3344.0,0,2
714,714,,2018-04-03,74.0,83,1
715,715,,2018-04-03,4162.0,16,2
716,716,,2018-04-04,59.0,166,1
717,717,,2018-04-04,4814.0,32,2
718,718,,2018-04-05,63.0,249,1
719,719,,2018-04-05,4650.0,48,2
720,720,,2018-04-06,52.0,332,1
721,721,,2018-04-06,5735.0,64,2
722,722,,2018-04-07,19.0,415,1
723,723,,2018-04-07,5023.0,80,2
724,724,,2018-04-08,123.0,498,1
725,725,,2018-04-08,5184.0,96,2
726,726,,2018-04-09,5891.0,0,1
727,727,,2018-04-09,6534.0,0,2
728,728,,2018-04-10,100.0,83,1
729,729,,2018-04-10,7785.0,16,2
730,730,,2018-04-11,3493.0,166,1
731,731,,2018-04-11,18096.0,32,2
732,732,,2018-04-12,3591.0,249,1
733,733,,2018-04-12,24573.0,48,2
734,734,,2018-04-13,3490.0,332,1
735,735,,2018-04-13,26274.0,64,2
736,736,,2018-04-14,2665.0,415,1
737,737,,2018-04-14,22332.0,80,2
738,738,,2018-04-15,1803.0,498,1
739,739,,2018-04-15,16569.0,96,2
740,740,,2018-04-16,3544.0,0,1
741,741,,2018-04-16,24120.0,0,2
742,742,,2018-04-17,3756.0,83,1
743,743,,2018-04-17,27611.0,16,2
744,744,,2018-04-18,4084.0,166,1
745,745,,2018-04-18,28778.0,32,2
746,746,,2018-04-19,2772.0,249,1
747,747,,2018-04-19,28627.0,48,2
748,748,,2018-04-20,2515.0,332,1
749,749,,2018-04-20,28869.0,64,2
750,750,,2018-04-21,2087.0,415,1
751,751,,2018-04-21,27836.0,80,2
752,752,,2018-04-22,1037.0,498,1
753,753,,2018-04-22,17618.0,96,2
754,754,,2018-04-23,3019.0,0,1
755,755,,2018-04-23,24008.0,0,2
756,756,,2018-04-24,2539.0,83,1
757,757,,2018-04-24,25721.0,16,2
758,758,,2018-04-25,2634.0,166,1
759,759,,2018-04-25,23156.0,32,2
760,760,,2018-04-26,2582.0,249,1
761,761,,2018-04-26,21582.0,48,2
762,762,,2018-04-27,2456.0,332,1
763,763,,2018-04-27,16727.0,64,2
764,764,,2018-04-28,2046.0,415,1
765,765,,2018-04-28,7411.0,80,2
766,766,,2018-04-29,1158.0,498,1
767,767,,2018-04-29,1284.0,96,2
768,768,,2018-04-30,4249.0,0,1
769,769,,2018-04-30,710.0,0,2
770,770,,2018-05-01,107.0,83,1
771,771,,2018-05-01,3712.0,16,2
772,772,,2018-05-02,2739.0,166,1
773,773,,2018-05-02,5879.0,32,2
774,774,,2018-05-03,2528.0,249,1
775,775,,2018-05-03,7887.0,48,2
776,776,,2018-05-04,2421.0,332,1
777,777,,2018-05-04,7686.0,64,2
778,778,,2018-05-05,1933.0,415,1
779,779,,2018-05-05,7162.0,80,2
780,780,,2018-05-06,1084.0,498,1
781,781,,2018-05-06,5843.0,96,2
782,782,,2018-05-07,3057.0,0,1
783,783,,2018-05-07,5969.0,0,2
784,784,,2018-05-08,2452.0,83,1
785,785,,2018-05-08,7989.0,16,2
786,786,,2018-05-09,2590.0,166,1
787,787,,2018-05-09,11412.0,32,2
788,788,,2018-05-10,2638.0,249,1
789,789,,2018-05-10,12916.0,48,2
790,790,,2018-05-11,2440.0,332,1
791,791,,2018-05-11,17958.0,64,2
792,792,,2018-05-12,1852.0,415,1
793,793,,2018-05-12,23084.0,80,2
794,794,,2018-05-13,1038.0,498,1
795,795,,2018-05-13,13879.0,96,2
796,796,,2018-05-14,2633.0,0,1
797,797,,2018-05-14,27008.0,0,2
798,798,,2018-05-15,2607.0,83,1
799,799,,2018-05-15,31037.0,16,2
800,800,,2018-05-16,2823.0,166,1
801,801,,2018-05-16,31103.0,32,2
802,802,,2018-05-17,2604.0,249,1
803,803,,2018-05-17,33831.0,48,2
804,804,,2018-05-18,2599.0,332,1
805,805,,2018-05-18,33677.0,64,2
806,806,,2018-05-19,2030.0,415,1
807,807,,2018-05-19,34026.0,80,2
808,808,,2018-05-20,1114.0,498,1
809,809,,2018-05-20,29447.0,96,2
810,810,,2018-05-21,3033.0,0,1
811,811,,2018-05-21,25745.0,0,2
812,812,,2018-05-22,2623.0,83,1
813,813,,2018-05-22,25687.0,16,2
814,814,,2018-05-23,2681.0,166,1
815,815,,2018-05-23,24118.0,32,2
816,816,,2018-05-24,2713.0,249,1
817,817,,2018-05-24,21160.0,48,2
818,818,,2018-05-25,2556.0,332,1
819,819,,2018-05-25,19544.0,64,2
820,820,,2018-05-26,2004.0,415,1
821,821,,2018-05-26,18900.0,80,2
822,822,,2018-05-27,1014.0,498,1
823,823,,2018-05-27,15801.0,96,2
824,824,,2018-05-28,2871.0,0,1
825,825,,2018-05-28,12321.0,0,2
826,826,,2018-05-29,2597.0,83,1
827,827,,2018-05-29,7573.0,16,2
828,828,,2018-05-30,2559.0,166,1
829,829,,2018-05-30,2546.0,32,2
830,830,,2018-05-31,4379.0,249,1
831,831,,2018-05-31,2171.0,48,2
832,832,,2018-06-01,327.0,332,1
833,833,,2018-06-01,8306.0,64,2
834,834,,2018-06-02,1964.0,415,1
835,835,,2018-06-02,10620.0,80,2
836,836,,2018-06-03,1054.0,498,1
837,837,,2018-06-03,5286.0,96,2
838,838,,2018-06-04,3234.0,0,1
839,839,,2018-06-04,10754.0,0,2
840,840,,2018-06-05,3150.0,83,1
841,841,,2018-06-05,9934.0,16,2
842,842,,2018-06-06,3228.0,166,1
843,843,,2018-06-06,10487.0,32,2
844,844,,2018-06-07,3232.0,249,1
845,845,,2018-06-07,11064.0,48,2
846,846,,2018-06-08,3169.0,332,1
847,847,,2018-06-08,10305.0,64,2
848,848,,2018-06-09,2663.0,415,1
849,849,,2018-06-09,13238.0,80,2
850,850,,2018-06-10,1620.0,498,1
851,851,,2018-06-10,8659.0,96,2
852,852,,2018-06-11,3913.0,0,1
853,853,,2018-06-11,21767.0,0,2
854,854,,2018-06-12,3571.0,83,1
855,855,,2018-06-12,31298.0,16,2
856,856,,2018-06-13,4161.0,166,1
857,857,,2018-06-13,34090.0,32,2
858,858,,2018-06-14,4532.0,249,1
859,859,,2018-06-14,33836.0,48,2
860,860,,2018-06-15,4756.0,332,1
861,861,,2018-06-15,32713.0,64,2
862,862,,2018-06-16,2377.0,415,1
863,863,,2018-06-16,30218.0,80,2
864,864,,2018-06-17,1555.0,498,1
865,865,,2018-06-17,20232.0,96,2
866,866,,2018-06-18,3907.0,0,1
867,867,,2018-06-18,24126.0,0,2
868,868,,2018-06-19,3272.0,83,1
869,869,,2018-06-19,33984.0,16,2
870,870,,2018-06-20,3454.0,166,1
871,871,,2018-06-20,33705.0,32,2
872,872,,2018-06-21,3357.0,249,1
873,873,,2018-06-21,35131.0,48,2
874,874,,2018-06-22,3569.0,332,1
875,875,,2018-06-22,30146.0,64,2
876,876,,2018-06-23,2619.0,415,1
877,877,,2018-06-23,26395.0,80,2
878,878,,2018-06-24,1309.0,498,1
879,879,,2018-06-24,23288.0,96,2
880,880,,2018-06-25,3405.0,0,1
881,881,,2018-06-25,23522.0,0,2
882,882,,2018-06-26,1903.0,83,1
883,883,,2018-06-26,25559.0,16,2
884,884,,2018-06-27,3317.0,166,1
885,885,,2018-06-27,22510.0,32,2
886,886,,2018-06-28,3646.0,249,1
887,887,,2018-06-28,14649.0,48,2
888,888,,2018-06-29,3131.0,332,1
889,889,,2018-06-29,4259.0,64,2
890,890,,2018-06-30,3873.0,415,1
891,891,,2018-06-30,992.0,80,2
892,892,,2018-07-01,138.0,498,1
893,893,,2018-07-01,3727.0,96,2
894,894,,2018-07-02,3290.0,0,1
895,895,,2018-07-02,6927.0,0,2
896,896,,2018-07-03,2974.0,83,1
897,897,,2018-07-03,8809.0,16,2
898,898,,2018-07-04,3057.0,166,1
899,899,,2018-07-04,11010.0,32,2
900,900,,2018-07-05,2934.0,249,1
901,901,,2018-07-05,8245.0,48,2
902,902,,2018-07-06,2890.0,332,1
903,903,,2018-07-06,11235.0,64,2
904,904,,2018-07-07,2320.0,415,1
905,905,,2018-07-07,10448.0,80,2
906,906,,2018-07-08,1301.0,498,1
907,907,,2018-07-08,8277.0,96,2
908,908,,2018-07-09,3561.0,0,1
909,909,,2018-07-09,10980.0,0,2
910,910,,2018-07-10,3062.0,83,1
911,911,,2018-07-10,13198.0,16,2
912,912,,2018-07-11,3319.0,166,1
913,913,,2018-07-11,21685.0,32,2
914,914,,2018-07-12,3191.0,249,1
915,915,,2018-07-12,29243.0,48,2
916,916,,2018-07-13,3486.0,332,1
917,917,,2018-07-13,30026.0,64,2
918,918,,2018-07-14,2883.0,415,1
919,919,,2018-07-14,31460.0,80,2
920,920,,2018-07-15,1145.0,498,1
921,921,,2018-07-15,16686.0,96,2
922,922,,2018-07-16,3265.0,0,1
923,923,,2018-07-16,37253.0,0,2
924,924,,2018-07-17,2800.0,83,1
925,925,,2018-07-17,34807.0,16,2
926,926,,2018-07-18,3066.0,166,1
927,927,,2018-07-18,28120.0,32,2
928,928,,2018-07-19,2903.0,249,1
929,929,,2018-07-19,43340.0,48,2
930,930,,2018-07-20,2696.0,332,1
931,931,,2018-07-20,33773.0,64,2
932,932,,2018-07-21,2021.0,415,1
933,933,,2018-07-21,35356.0,80,2
934,934,,2018-07-22,1205.0,498,1
935,935,,2018-07-22,17673.0,96,2
936,936,,2018-07-23,3280.0,0,1
937,937,,2018-07-23,31838.0,0,2
938,938,,2018-07-24,2598.0,83,1
939,939,,2018-07-24,28571.0,16,2
940,940,,2018-07-25,2889.0,166,1
941,941,,2018-07-25,27377.0,32,2
942,942,,2018-07-26,2793.0,249,1
943,943,,2018-07-26,25149.0,48,2
944,944,,2018-07-27,2798.0,332,1
945,945,,2018-07-27,25880.0,64,2
946,946,,2018-07-28,2215.0,415,1
947,947,,2018-07-28,20478.0,80,2
948,948,,2018-07-29,1176.0,498,1
949,949,,2018-07-29,7236.0,96,2
950,950,,2018-07-30,3485.0,0,1
951,951,,2018-07-30,3462.0,0,2
952,952,,2018-07-31,5856.0,83,1
953,953,,2018-07-31,1607.0,16,2
954,954,,2018-08-01,2885.0,166,1
955,955,,2018-08-01,10898.0,32,2
956,956,,2018-08-02,110.0,249,1
957,957,,2018-08-02,11864.0,48,2
958,958,,2018-08-03,3043.0,332,1
959,959,,2018-08-03,9683.0,64,2
960,960,,2018-08-04,2362.0,415,1
961,961,,2018-08-04,9372.0,80,2
962,962,,2018-08-05,1161.0,498,1
963,963,,2018-08-05,6488.0,96,2
964,964,,2018-08-06,3419.0,0,1
965,965,,2018-08-06,8227.0,0,2
966,966,,2018-08-07,2923.0,83,1
967,967,,2018-08-07,9244.0,16,2
968,968,,2018-08-08,2961.0,166,1
969,969,,2018-08-08,9261.0,32,2
970,970,,2018-08-09,2754.0,249,1
971,971,,2018-08-09,8855.0,48,2
972,972,,2018-08-10,3220.0,332,1
973,973,,2018-08-10,12539.0,64,2
974,974,,2018-08-11,2542.0,415,1
975,975,,2018-08-11,4300.0,80,2
976,976,,2018-08-12,1507.0,498,1
977,977,,2018-08-12,18688.0,96,2
978,978,,2018-08-13,4220.0,0,1
979,979,,2018-08-13,36414.0,0,2
980,980,,2018-08-14,3854.0,83,1
981,981,,2018-08-14,35203.0,16,2
982,982,,2018-08-15,2417.0,166,1
983,983,,2018-08-15,22742.0,32,2
984,984,,2018-08-16,3728.0,249,1
985,985,,2018-08-16,32198.0,48,2
986,986,,2018-08-17,3208.0,332,1
987,987,,2018-08-17,35614.0,64,2
988,988,,2018-08-18,2888.0,415,1
989,989,,2018-08-18,32186.0,80,2
990,990,,2018-08-19,1449.0,498,1
991,991,,2018-08-19,19893.0,96,2
992,992,,2018-08-20,4136.0,0,1
993,993,,2018-08-20,34198.0,0,2
994,994,,2018-08-21,3638.0,83,1
995,995,,2018-08-21,31668.0,16,2
996,996,,2018-08-22,2812.0,166,1
997,997,,2018-08-22,28036.0,32,2
998,998,,2018-08-23,3300.0,249,1
999,999,,2018-08-23,27028.0,48,2
1000,1000,,2018-08-24,3664.0,332,1
1001,1001,,2018-08-24,22930.0,64,2
1002,1002,,2018-08-25,3090.0,415,1
1003,1003,,2018-08-25,21752.0,80,2
1004,1004,,2018-08-26,1782.0,498,1
1005,1005,,2018-08-26,11675.0,96,2
1006,1006,,2018-08-27,3423.0,0,1
1007,1007,,2018-08-27,15361.0,0,2
1008,1008,,2018-08-28,2952.0,83,1
1009,1009,,2018-08-28,18436.0,16,2
1010,1010,,2018-08-29,3290.0,166,1
1011,1011,,2018-08-29,14657.0,32,2
1012,1012,,2018-08-30,3904.0,249,1
1013,1013,,2018-08-30,7334.0,48,2
1014,1014,,2018-08-31,6433.0,332,1
1015,1015,,2018-08-31,1591.0,64,2
1016,1016,,2018-09-01,1362.0,415,1
1017,1017,,2018-09-01,7435.0,80,2
1018,1018,,2018-09-02,31.0,498,1
1019,1019,,2018-09-02,7070.0,96,2
1020,1020,,2018-09-03,3324.0,0,1
1021,1021,,2018-09-03,8344.0,0,2
1022,1022,,2018-09-04,2693.0,83,1
1023,1023,,2018-09-04,8903.0,16,2
1024,1024,,2018-09-05,3018.0,166,1
1025,1025,,2018-09-05,7935.0,32,2
1026,1026,,2018-09-06,3002.0,249,1
1027,1027,,2018-09-06,8243.0,48,2
1028,1028,,2018-09-07,2950.0,332,1
1029,1029,,2018-09-07,8039.0,64,2
1030,1030,,2018-09-08,2544.0,415,1
1031,1031,,2018-09-08,8235.0,80,2
1032,1032,,2018-09-09,1454.0,498,1
1033,1033,,2018-09-09,7486.0,96,2
1034,1034,,2018-09-10,2429.0,0,1
1035,1035,,2018-09-10,12337.0,0,2
1036,1036,,2018-09-11,3755.0,83,1
1037,1037,,2018-09-11,22597.0,16,2
1038,1038,,2018-09-12,4671.0,166,1
1039,1039,,2018-09-12,24698.0,32,2
1040,1040,,2018-09-13,4232.0,249,1
1041,1041,,2018-09-13,26515.0,48,2
1042,1042,,2018-09-14,3693.0,332,1
1043,1043,,2018-09-14,28799.0,64,2
1044,1044,,2018-09-15,2992.0,415,1
1045,1045,,2018-09-15,32948.0,80,2
1046,1046,,2018-09-16,2270.0,498,1
1047,1047,,2018-09-16,16613.0,96,2
1048,1048,,2018-09-17,3517.0,0,1
1049,1049,,2018-09-17,31937.0,0,2
1050,1050,,2018-09-18,3335.0,83,1
1051,1051,,2018-09-18,30480.0,16,2
1052,1052,,2018-09-19,3568.0,166,1
1053,1053,,2018-09-19,31858.0,32,2
1054,1054,,2018-09-20,3280.0,249,1
1055,1055,,2018-09-20,32923.0,48,2
1056,1056,,2018-09-21,3066.0,332,1
1057,1057,,2018-09-21,31539.0,64,2
1058,1058,,2018-09-22,2669.0,415,1
1059,1059,,2018-09-22,29920.0,80,2
1060,1060,,2018-09-23,1947.0,498,1
1061,1061,,2018-09-23,19573.0,96,2
1062,1062,,2018-09-24,3270.0,0,1
1063,1063,,2018-09-24,25115.0,0,2
1064,1064,,2018-09-25,2837.0,83,1
1065,1065,,2018-09-25,27803.0,16,2
1066,1066,,2018-09-26,2669.0,166,1
1067,1067,,2018-09-26,26997.0,32,2
1068,1068,,2018-09-27,2882.0,249,1
1069,1069,,2018-09-27,22346.0,48,2
1070,1070,,2018-09-28,3114.0,332,1
1071,1071,,2018-09-28,17007.0,64,2
1072,1072,,2018-09-29,3125.0,415,1
1073,1073,,2018-09-29,4076.0,80,2
1074,1074,,2018-09-30,5002.0,498,1
1075,1075,,2018-09-30,898.0,96,2
1076,1076,,2018-10-01,2459.0,0,1
1077,1077,,2018-10-01,8395.0,0,2
1078,1078,,2018-10-02,63.0,83,1
1079,1079,,2018-10-02,8501.0,16,2
1080,1080,,2018-10-03,3197.0,166,1
1081,1081,,2018-10-03,7184.0,32,2
1082,1082,,2018-10-04,3070.0,249,1
1083,1083,,2018-10-04,8353.0,48,2
1084,1084,,2018-10-05,3345.0,332,1
1085,1085,,2018-10-05,8106.0,64,2
1086,1086,,2018-10-06,2917.0,415,1
1087,1087,,2018-10-06,8430.0,80,2
1088,1088,,2018-10-07,2217.0,498,1
1089,1089,,2018-10-07,6754.0,96,2
1090,1090,,2018-10-08,4324.0,0,1
1091,1091,,2018-10-08,8824.0,0,2
1092,1092,,2018-10-09,4567.0,83,1
1093,1093,,2018-10-09,10041.0,16,2
1094,1094,,2018-10-10,6574.0,166,1
1095,1095,,2018-10-10,12560.0,32,2
1096,1096,,2018-10-11,5829.0,249,1
1097,1097,,2018-10-11,26243.0,48,2
1098,1098,,2018-10-12,6026.0,332,1
1099,1099,,2018-10-12,31719.0,64,2
1100,1100,,2018-10-13,5064.0,415,1
1101,1101,,2018-10-13,31738.0,80,2
1102,1102,,2018-10-14,5184.0,498,1
1103,1103,,2018-10-14,19703.0,96,2
1104,1104,,2018-10-15,7700.0,0,1
1105,1105,,2018-10-15,30276.0,0,2
1106,1106,,2018-10-16,7420.0,83,1
1107,1107,,2018-10-16,27595.0,16,2
1108,1108,,2018-10-17,7909.0,166,1
1109,1109,,2018-10-17,22652.0,32,2
1110,1110,,2018-10-18,6828.0,249,1
1111,1111,,2018-10-18,13860.0,48,2
1112,1112,,2018-10-19,4148.0,332,1
1113,1113,,2018-10-19,11845.0,64,2
1114,1114,,2018-10-20,2888.0,415,1
1115,1115,,2018-10-20,18717.0,80,2
1116,1116,,2018-10-21,2106.0,498,1
1117,1117,,2018-10-21,14740.0,96,2
1118,1118,,2018-10-22,4574.0,0,1
1119,1119,,2018-10-22,26766.0,0,2
1120,1120,,2018-10-23,3940.0,83,1
1121,1121,,2018-10-23,30504.0,16,2
1122,1122,,2018-10-24,4727.0,166,1
1123,1123,,2018-10-24,31334.0,32,2
1124,1124,,2018-10-25,4044.0,249,1
1125,1125,,2018-10-25,28564.0,48,2
1126,1126,,2018-10-26,4311.0,332,1
1127,1127,,2018-10-26,29134.0,64,2
1128,1128,,2018-10-27,3644.0,415,1
1129,1129,,2018-10-27,23610.0,80,2
1130,1130,,2018-10-28,3037.0,498,1
1131,1131,,2018-10-28,17447.0,96,2
1132,1132,,2018-10-29,5309.0,0,1
1133,1133,,2018-10-29,13299.0,0,2
1134,1134,,2018-10-30,5358.0,83,1
1135,1135,,2018-10-30,5133.0,16,2
1136,1136,,2018-10-31,18580.0,166,1
1137,1137,,2018-10-31,1916.0,32,2
1138,1138,,2018-11-01,246.0,249,1
1139,1139,,2018-11-01,7665.0,48,2
1140,1140,,2018-11-02,280.0,332,1
1141,1141,,2018-11-02,6153.0,64,2
1142,1142,,2018-11-03,7962.0,415,1
1143,1143,,2018-11-03,5285.0,80,2
1144,1144,,2018-11-04,9533.0,498,1
1145,1145,,2018-11-04,4569.0,96,2
1146,1146,,2018-11-05,12517.0,0,1
1147,1147,,2018-11-05,3466.0,0,2
1148,1148,,2018-11-06,10998.0,83,1
1149,1149,,2018-11-06,3044.0,16,2
1150,1150,,2018-11-07,10393.0,166,1
1151,1151,,2018-11-07,2245.0,32,2
1152,1152,,2018-11-08,5244.0,249,1
1153,1153,,2018-11-08,3374.0,48,2
1154,1154,,2018-11-09,4690.0,332,1
1155,1155,,2018-11-09,4811.0,64,2
1156,1156,,2018-11-10,3336.0,415,1
1157,1157,,2018-11-10,7920.0,80,2
1158,1158,,2018-11-11,1895.0,498,1
1159,1159,,2018-11-11,10556.0,96,2
1160,1160,,2018-11-12,5253.0,0,1
1161,1161,,2018-11-12,19627.0,0,2
1162,1162,,2018-11-13,4162.0,83,1
1163,1163,,2018-11-13,22386.0,16,2
1164,1164,,2018-11-14,4090.0,166,1
1165,1165,,2018-11-14,23788.0,32,2
1166,1166,,2018-11-15,3237.0,249,1
1167,1167,,2018-11-15,26869.0,48,2
1168,1168,,2018-11-16,3590.0,332,1
1169,1169,,2018-11-16,25435.0,64,2
1170,1170,,2018-11-17,2855.0,415,1
1171,1171,,2018-11-17,29369.0,80,2
1172,1172,,2018-11-18,1591.0,498,1
1173,1173,,2018-11-18,19196.0,96,2
1174,1174,,2018-11-19,4528.0,0,1
1175,1175,,2018-11-19,28964.0,0,2
1176,1176,,2018-11-20,3436.0,83,1
1177,1177,,2018-11-20,29229.0,16,2
1178,1178,,2018-11-21,3466.0,166,1
1179,1179,,2018-11-21,28858.0,32,2
1180,1180,,2018-11-22,3390.0,249,1
1181,1181,,2018-11-22,27428.0,48,2
1182,1182,,2018-11-23,3556.0,332,1
1183,1183,,2018-11-23,24909.0,64,2
1184,1184,,2018-11-24,2469.0,415,1
1185,1185,,2018-11-24,24745.0,80,2
1186,1186,,2018-11-25,1346.0,498,1
1187,1187,,2018-11-25,15535.0,96,2
1188,1188,,2018-11-26,3530.0,0,1
1189,1189,,2018-11-26,24801.0,0,2
1190,1190,,2018-11-27,3056.0,83,1
1191,1191,,2018-11-27,24264.0,16,2
1192,1192,,2018-11-28,3286.0,166,1
1193,1193,,2018-11-28,17303.0,32,2
1194,1194,,2018-11-29,3251.0,249,1
1195,1195,,2018-11-29,6192.0,48,2
1196,1196,,2018-11-30,5135.0,332,1
1197,1197,,2018-11-30,1309.0,64,2
1198,1198,,2018-12-01,624.0,415,1
1199,1199,,2018-12-01,7885.0,80,2
1200,1200,,2018-12-02,692.0,498,1
1201,1201,,2018-12-02,4642.0,96,2
1202,1202,,2018-12-03,3455.0,0,1
1203,1203,,2018-12-03,4863.0,0,2
1204,1204,,2018-12-04,2965.0,83,1
1205,1205,,2018-12-04,5702.0,16,2
1206,1206,,2018-12-05,2891.0,166,1
1207,1207,,2018-12-05,4461.0,32,2
1208,1208,,2018-12-06,2974.0,249,1
1209,1209,,2018-12-06,5192.0,48,2
1210,1210,,2018-12-07,2743.0,332,1
1211,1211,,2018-12-07,5580.0,64,2
1212,1212,,2018-12-08,2194.0,415,1
1213,1213,,2018-12-08,6255.0,80,2
1214,1214,,2018-12-09,1227.0,498,1
1215,1215,,2018-12-09,4736.0,96,2
1216,1216,,2018-12-10,3281.0,0,1
1217,1217,,2018-12-10,7111.0,0,2
1218,1218,,2018-12-11,2894.0,83,1
1219,1219,,2018-12-11,22447.0,16,2
1220,1220,,2018-12-12,3018.0,166,1
1221,1221,,2018-12-12,27006.0,32,2
1222,1222,,2018-12-13,2987.0,249,1
1223,1223,,2018-12-13,29512.0,48,2
1224,1224,,2018-12-14,3050.0,332,1
1225,1225,,2018-12-14,29255.0,64,2
1226,1226,,2018-12-15,1911.0,415,1
1227,1227,,2018-12-15,28818.0,80,2
1228,1228,,2018-12-16,1157.0,498,1
1229,1229,,2018-12-16,16784.0,96,2
1230,1230,,2018-12-17,3250.0,0,1
1231,1231,,2018-12-17,31959.0,0,2
1232,1232,,2018-12-18,2602.0,83,1
1233,1233,,2018-12-18,30828.0,16,2
1234,1234,,2018-12-19,2989.0,166,1
1235,1235,,2018-12-19,32024.0,32,2
1236,1236,,2018-12-20,2878.0,249,1
1237,1237,,2018-12-20,33782.0,48,2
1238,1238,,2018-12-21,2887.0,332,1
1239,1239,,2018-12-21,30829.0,64,2
1240,1240,,2018-12-22,2230.0,415,1
1241,1241,,2018-12-22,29914.0,80,2
1242,1242,,2018-12-23,1290.0,498,1
1243,1243,,2018-12-23,17015.0,96,2
1244,1244,,2018-12-24,3464.0,0,1
1245,1245,,2018-12-24,22621.0,0,2
1246,1246,,2018-12-25,2848.0,83,1
1247,1247,,2018-12-25,18225.0,16,2
1248,1248,,2018-12-26,2832.0,166,1
1249,1249,,2018-12-26,20953.0,32,2
1250,1250,,2018-12-27,3026.0,249,1
1251,1251,,2018-12-27,20222.0,48,2
1252,1252,,2018-12-28,3203.0,332,1
1253,1253,,2018-12-28,15611.0,64,2
1254,1254,,2018-12-29,2709.0,415,1
1255,1255,,2018-12-29,9341.0,80,2
1256,1256,,2018-12-30,1906.0,498,1
1257,1257,,2018-12-30,2873.0,96,2
1258,1258,,2018-12-31,8116.0,0,1
1259,1259,,2018-12-31,2159.0,0,2
1260,1260,,2019-01-01,125.0,83,1
1261,1261,,2019-01-01,4408.0,16,2
1262,1262,,2019-01-02,3946.0,166,1
1263,1263,,2019-01-02,6594.0,32,2
1264,1264,,2019-01-03,3519.0,249,1
1265,1265,,2019-01-03,6009.0,48,2
1266,1266,,2019-01-04,3198.0,332,1
1267,1267,,2019-01-04,6723.0,64,2
1268,1268,,2019-01-05,2285.0,415,1
1269,1269,,2019-01-05,6306.0,80,2
1270,1270,,2019-01-06,1462.0,498,1
1271,1271,,2019-01-06,5596.0,96,2
1272,1272,,2019-01-07,3132.0,0,1
1273,1273,,2019-01-07,6452.0,0,2
1274,1274,,2019-01-08,3062.0,83,1
1275,1275,,2019-01-08,8424.0,16,2
1276,1276,,2019-01-09,3192.0,166,1
1277,1277,,2019-01-09,8566.0,32,2
1278,1278,,2019-01-10,3377.0,249,1
1279,1279,,2019-01-10,8994.0,48,2
1280,1280,,2019-01-11,3316.0,332,1
1281,1281,,2019-01-11,23316.0,64,2
1282,1282,,2019-01-12,2865.0,415,1
1283,1283,,2019-01-12,26872.0,80,2
1284,1284,,2019-01-13,1815.0,498,1
1285,1285,,2019-01-13,17030.0,96,2
1286,1286,,2019-01-14,3582.0,0,1
1287,1287,,2019-01-14,20761.0,0,2
1288,1288,,2019-01-15,3126.0,83,1
1289,1289,,2019-01-15,15144.0,16,2
1290,1290,,2019-01-16,3779.0,166,1
1291,1291,,2019-01-16,19468.0,32,2
1292,1292,,2019-01-17,3628.0,249,1
1293,1293,,2019-01-17,25795.0,48,2
1294,1294,,2019-01-18,3684.0,332,1
1295,1295,,2019-01-18,30316.0,64,2
1296,1296,,2019-01-19,2847.0,415,1
1297,1297,,2019-01-19,31483.0,80,2
1298,1298,,2019-01-20,1712.0,498,1
1299,1299,,2019-01-20,22180.0,96,2
1300,1300,,2019-01-21,4085.0,0,1
1301,1301,,2019-01-21,31569.0,0,2
1302,1302,,2019-01-22,3250.0,83,1
1303,1303,,2019-01-22,33126.0,16,2
1304,1304,,2019-01-23,3522.0,166,1
1305,1305,,2019-01-23,30138.0,32,2
1306,1306,,2019-01-24,3309.0,249,1
1307,1307,,2019-01-24,28514.0,48,2
1308,1308,,2019-01-25,3473.0,332,1
1309,1309,,2019-01-25,25944.0,64,2
1310,1310,,2019-01-26,1696.0,415,1
1311,1311,,2019-01-26,19469.0,80,2
1312,1312,,2019-01-27,1349.0,498,1
1313,1313,,2019-01-27,17067.0,96,2
1314,1314,,2019-01-28,3746.0,0,1
1315,1315,,2019-01-28,20619.0,0,2
1316,1316,,2019-01-29,2736.0,83,1
1317,1317,,2019-01-29,17872.0,16,2
1318,1318,,2019-01-30,3415.0,166,1
1319,1319,,2019-01-30,7627.0,32,2
1320,1320,,2019-01-31,5981.0,249,1
1321,1321,,2019-01-31,2177.0,48,2
1322,1322,,2019-02-01,223.0,332,1
1323,1323,,2019-02-01,9130.0,64,2
1324,1324,,2019-02-02,2407.0,415,1
1325,1325,,2019-02-02,8096.0,80,2
1326,1326,,2019-02-03,1590.0,498,1
1327,1327,,2019-02-03,4482.0,96,2
1328,1328,,2019-02-04,3835.0,0,1
1329,1329,,2019-02-04,5101.0,0,2
1330,1330,,2019-02-05,3301.0,83,1
1331,1331,,2019-02-05,4987.0,16,2
1332,1332,,2019-02-06,3634.0,166,1
1333,1333,,2019-02-06,5957.0,32,2
1334,1334,,2019-02-07,3176.0,249,1
1335,1335,,2019-02-07,5825.0,48,2
1336,1336,,2019-02-08,5498.0,332,1
1337,1337,,2019-02-08,6251.0,64,2
1338,1338,,2019-02-09,336.0,415,1
1339,1339,,2019-02-09,5710.0,80,2
1340,1340,,2019-02-10,1862.0,498,1
1341,1341,,2019-02-10,4874.0,96,2
1342,1342,,2019-02-11,3766.0,0,1
1343,1343,,2019-02-11,16196.0,0,2
1344,1344,,2019-02-12,3317.0,83,1
1345,1345,,2019-02-12,17511.0,16,2
1346,1346,,2019-02-13,2764.0,166,1
1347,1347,,2019-02-13,27089.0,32,2
1348,1348,,2019-02-14,3327.0,249,1
1349,1349,,2019-02-14,30824.0,48,2
1350,1350,,2019-02-15,3371.0,332,1
1351,1351,,2019-02-15,29520.0,64,2
1352,1352,,2019-02-16,2407.0,415,1
1353,1353,,2019-02-16,31478.0,80,2
1354,1354,,2019-02-17,1634.0,498,1
1355,1355,,2019-02-17,18868.0,96,2
1356,1356,,2019-02-18,3531.0,0,1
1357,1357,,2019-02-18,28760.0,0,2
1358,1358,,2019-02-19,3423.0,83,1
1359,1359,,2019-02-19,30809.0,16,2
1360,1360,,2019-02-20,3250.0,166,1
1361,1361,,2019-02-20,30903.0,32,2
1362,1362,,2019-02-21,3167.0,249,1
1363,1363,,2019-02-21,30438.0,48,2
1364,1364,,2019-02-22,3127.0,332,1
1365,1365,,2019-02-22,26837.0,64,2
1366,1366,,2019-02-23,1980.0,415,1
1367,1367,,2019-02-23,25349.0,80,2
1368,1368,,2019-02-24,1519.0,498,1
1369,1369,,2019-02-24,17246.0,96,2
1370,1370,,2019-02-25,3704.0,0,1
1371,1371,,2019-02-25,22012.0,0,2
1372,1372,,2019-02-26,2985.0,83,1
1373,1373,,2019-02-26,22168.0,16,2
1374,1374,,2019-02-27,3324.0,166,1
1375,1375,,2019-02-27,12670.0,32,2
1376,1376,,2019-02-28,5196.0,249,1
1377,1377,,2019-02-28,2300.0,48,2
1378,1378,,2019-03-01,2607.0,332,1
1379,1379,,2019-03-01,7079.0,64,2
1380,1380,,2019-03-02,533.0,415,1
1381,1381,,2019-03-02,6662.0,80,2
1382,1382,,2019-03-03,1619.0,498,1
1383,1383,,2019-03-03,4388.0,96,2
1384,1384,,2019-03-04,4596.0,0,1
1385,1385,,2019-03-04,5229.0,0,2
1386,1386,,2019-03-05,2947.0,83,1
1387,1387,,2019-03-05,4933.0,16,2
1388,1388,,2019-03-06,3163.0,166,1
1389,1389,,2019-03-06,5747.0,32,2
1390,1390,,2019-03-07,3189.0,249,1
1391,1391,,2019-03-07,7105.0,48,2
1392,1392,,2019-03-08,3488.0,332,1
1393,1393,,2019-03-08,8782.0,64,2
1394,1394,,2019-03-09,2491.0,415,1
1395,1395,,2019-03-09,7835.0,80,2
1396,1396,,2019-03-10,1526.0,498,1
1397,1397,,2019-03-10,7242.0,96,2
1398,1398,,2019-03-11,3968.0,0,1
1399,1399,,2019-03-11,20922.0,0,2
1400,1400,,2019-03-12,3461.0,83,1
1401,1401,,2019-03-12,31879.0,16,2
1402,1402,,2019-03-13,3535.0,166,1
1403,1403,,2019-03-13,34588.0,32,2
1404,1404,,2019-03-14,3269.0,249,1
1405,1405,,2019-03-14,38345.0,48,2
1406,1406,,2019-03-15,3418.0,332,1
1407,1407,,2019-03-15,36212.0,64,2
1408,1408,,2019-03-16,2341.0,415,1
1409,1409,,2019-03-16,34031.0,80,2
1410,1410,,2019-03-17,1869.0,498,1
1411,1411,,2019-03-17,26901.0,96,2
1412,1412,,2019-03-18,4233.0,0,1
1413,1413,,2019-03-18,31358.0,0,2
1414,1414,,2019-03-19,3609.0,83,1
1415,1415,,2019-03-19,34886.0,16,2
1416,1416,,2019-03-20,3885.0,166,1
1417,1417,,2019-03-20,28774.0,32,2
1418,1418,,2019-03-21,1357.0,249,1
1419,1419,,2019-03-21,21543.0,48,2
1420,1420,,2019-03-22,3032.0,332,1
1421,1421,,2019-03-22,26322.0,64,2
1422,1422,,2019-03-23,2790.0,415,1
1423,1423,,2019-03-23,32255.0,80,2
1424,1424,,2019-03-24,1723.0,498,1
1425,1425,,2019-03-24,30927.0,96,2
1426,1426,,2019-03-25,3996.0,0,1
1427,1427,,2019-03-25,29637.0,0,2
1428,1428,,2019-03-26,3474.0,83,1
1429,1429,,2019-03-26,33167.0,16,2
1430,1430,,2019-03-27,3593.0,166,1
1431,1431,,2019-03-27,32126.0,32,2
1432,1432,,2019-03-28,3439.0,249,1
1433,1433,,2019-03-28,30723.0,48,2
1434,1434,,2019-03-29,3528.0,332,1
1435,1435,,2019-03-29,26324.0,64,2
1436,1436,,2019-03-30,3063.0,415,1
1437,1437,,2019-03-30,11251.0,80,2
1438,1438,,2019-03-31,4871.0,498,1
1439,1439,,2019-03-31,1357.0,96,2
1440,1440,,2019-04-01,772.0,0,1
1441,1441,,2019-04-01,4097.0,0,2
1442,1442,,2019-04-02,3164.0,83,1
1443,1443,,2019-04-02,4811.0,16,2
1444,1444,,2019-04-03,3880.0,166,1
1445,1445,,2019-04-03,4022.0,32,2
1446,1446,,2019-04-04,3742.0,249,1
1447,1447,,2019-04-04,4086.0,48,2
1448,1448,,2019-04-05,4424.0,332,1
1449,1449,,2019-04-05,3828.0,64,2
1450,1450,,2019-04-06,4187.0,415,1
1451,1451,,2019-04-06,3038.0,80,2
1452,1452,,2019-04-07,2030.0,498,1
1453,1453,,2019-04-07,3233.0,96,2
1454,1454,,2019-04-08,4308.0,0,1
1455,1455,,2019-04-08,3647.0,0,2
1456,1456,,2019-04-09,3150.0,83,1
1457,1457,,2019-04-09,4843.0,16,2
1458,1458,,2019-04-10,3672.0,166,1
1459,1459,,2019-04-10,6612.0,32,2
1460,1460,,2019-04-11,3087.0,249,1
1461,1461,,2019-04-11,16480.0,48,2
1462,1462,,2019-04-12,3887.0,332,1
1463,1463,,2019-04-12,20638.0,64,2
1464,1464,,2019-04-13,3102.0,415,1
1465,1465,,2019-04-13,24950.0,80,2
1466,1466,,2019-04-14,1925.0,498,1
1467,1467,,2019-04-14,12093.0,96,2
1468,1468,,2019-04-15,3477.0,0,1
1469,1469,,2019-04-15,22101.0,0,2
1470,1470,,2019-04-16,2856.0,83,1
1471,1471,,2019-04-16,25680.0,16,2
1472,1472,,2019-04-17,3251.0,166,1
1473,1473,,2019-04-17,27849.0,32,2
1474,1474,,2019-04-18,2602.0,249,1
1475,1475,,2019-04-18,18712.0,48,2
1476,1476,,2019-04-19,3271.0,332,1
1477,1477,,2019-04-19,25054.0,64,2
1478,1478,,2019-04-20,2125.0,415,1
1479,1479,,2019-04-20,24209.0,80,2
1480,1480,,2019-04-21,1406.0,498,1
1481,1481,,2019-04-21,17086.0,96,2
1482,1482,,2019-04-22,3629.0,0,1
1483,1483,,2019-04-22,29305.0,0,2
1484,1484,,2019-04-23,2445.0,83,1
1485,1485,,2019-04-23,23980.0,16,2
1486,1486,,2019-04-24,3171.0,166,1
1487,1487,,2019-04-24,27052.0,32,2
1488,1488,,2019-04-25,2951.0,249,1
1489,1489,,2019-04-25,26691.0,48,2
1490,1490,,2019-04-26,2910.0,332,1
1491,1491,,2019-04-26,24811.0,64,2
1492,1492,,2019-04-27,2160.0,415,1
1493,1493,,2019-04-27,22324.0,80,2
1494,1494,,2019-04-28,1350.0,498,1
1495,1495,,2019-04-28,14656.0,96,2
1496,1496,,2019-04-29,3274.0,0,1
1497,1497,,2019-04-29,7582.0,0,2
1498,1498,,2019-04-30,2425.0,83,1
1499,1499,,2019-04-30,1235.0,16,2
1500,1500,,2019-05-01,2317.0,166,1
1501,1501,,2019-05-01,3992.0,32,2
1502,1502,,2019-05-02,3383.0,249,1
1503,1503,,2019-05-02,4997.0,48,2
1504,1504,,2019-05-03,3025.0,332,1
1505,1505,,2019-05-03,4042.0,64,2
1506,1506,,2019-05-04,2432.0,415,1
1507,1507,,2019-05-04,4043.0,80,2
1508,1508,,2019-05-05,1538.0,498,1
1509,1509,,2019-05-05,2681.0,96,2
1510,1510,,2019-05-06,3967.0,0,1
1511,1511,,2019-05-06,2790.0,0,2
1512,1512,,2019-05-07,3845.0,83,1
1513,1513,,2019-05-07,2880.0,16,2
1514,1514,,2019-05-08,2826.0,166,1
1515,1515,,2019-05-08,3727.0,32,2
1516,1516,,2019-05-09,3131.0,249,1
1517,1517,,2019-05-09,4492.0,48,2
1518,1518,,2019-05-10,3085.0,332,1
1519,1519,,2019-05-10,4919.0,64,2
1520,1520,,2019-05-11,2453.0,415,1
1521,1521,,2019-05-11,16913.0,80,2
1522,1522,,2019-05-12,1117.0,498,1
1523,1523,,2019-05-12,11892.0,96,2
1524,1524,,2019-05-13,3720.0,0,1
1525,1525,,2019-05-13,26389.0,0,2
1526,1526,,2019-05-14,3257.0,83,1
1527,1527,,2019-05-14,30635.0,16,2
1528,1528,,2019-05-15,3416.0,166,1
1529,1529,,2019-05-15,30377.0,32,2
1530,1530,,2019-05-16,3312.0,249,1
1531,1531,,2019-05-16,29675.0,48,2
1532,1532,,2019-05-17,3239.0,332,1
1533,1533,,2019-05-17,29109.0,64,2
1534,1534,,2019-05-18,2543.0,415,1
1535,1535,,2019-05-18,28690.0,80,2
1536,1536,,2019-05-19,1361.0,498,1
1537,1537,,2019-05-19,13988.0,96,2
1538,1538,,2019-05-20,3927.0,0,1
1539,1539,,2019-05-20,27489.0,0,2
1540,1540,,2019-05-21,3175.0,83,1
1541,1541,,2019-05-21,29749.0,16,2
1542,1542,,2019-05-22,3510.0,166,1
1543,1543,,2019-05-22,29467.0,32,2
1544,1544,,2019-05-23,2808.0,249,1
1545,1545,,2019-05-23,26609.0,48,2
1546,1546,,2019-05-24,3273.0,332,1
1547,1547,,2019-05-24,26262.0,64,2
1548,1548,,2019-05-25,2527.0,415,1
1549,1549,,2019-05-25,21915.0,80,2
1550,1550,,2019-05-26,1634.0,498,1
1551,1551,,2019-05-26,14304.0,96,2
1552,1552,,2019-05-27,3880.0,0,1
1553,1553,,2019-05-27,21465.0,0,2
1554,1554,,2019-05-28,3245.0,83,1
1555,1555,,2019-05-28,21506.0,16,2
1556,1556,,2019-05-29,3519.0,166,1
1557,1557,,2019-05-29,16301.0,32,2
1558,1558,,2019-05-30,3696.0,249,1
1559,1559,,2019-05-30,8619.0,48,2
1560,1560,,2019-05-31,3717.0,332,1
1561,1561,,2019-05-31,1445.0,64,2
1562,1562,,2019-06-01,2684.0,415,1
1563,1563,,2019-06-01,6302.0,80,2
1564,1564,,2019-06-02,1948.0,498,1
1565,1565,,2019-06-02,3736.0,96,2
1566,1566,,2019-06-03,4520.0,0,1
1567,1567,,2019-06-03,3878.0,0,2
1568,1568,,2019-06-04,4757.0,83,1
1569,1569,,2019-06-04,3888.0,16,2
1570,1570,,2019-06-05,3380.0,166,1
1571,1571,,2019-06-05,2663.0,32,2
1572,1572,,2019-06-06,3768.0,249,1
1573,1573,,2019-06-06,2758.0,48,2
1574,1574,,2019-06-07,3847.0,332,1
1575,1575,,2019-06-07,4055.0,64,2
1576,1576,,2019-06-08,2724.0,415,1
1577,1577,,2019-06-08,4308.0,80,2
1578,1578,,2019-06-09,1700.0,498,1
1579,1579,,2019-06-09,3834.0,96,2
1580,1580,,2019-06-10,4174.0,0,1
1581,1581,,2019-06-10,5509.0,0,2
1582,1582,,2019-06-11,3586.0,83,1
1583,1583,,2019-06-11,18954.0,16,2
1584,1584,,2019-06-12,3786.0,166,1
1585,1585,,2019-06-12,25680.0,32,2
1586,1586,,2019-06-13,3623.0,249,1
1587,1587,,2019-06-13,29767.0,48,2
1588,1588,,2019-06-14,3498.0,332,1
1589,1589,,2019-06-14,30489.0,64,2
1590,1590,,2019-06-15,2776.0,415,1
1591,1591,,2019-06-15,24513.0,80,2
1592,1592,,2019-06-16,1760.0,498,1
1593,1593,,2019-06-16,13209.0,96,2
1594,1594,,2019-06-17,4279.0,0,1
1595,1595,,2019-06-17,30689.0,0,2
1596,1596,,2019-06-18,3301.0,83,1
1597,1597,,2019-06-18,32325.0,16,2
1598,1598,,2019-06-19,3810.0,166,1
1599,1599,,2019-06-19,31360.0,32,2
1600,1600,,2019-06-20,3538.0,249,1
1601,1601,,2019-06-20,30255.0,48,2
1602,1602,,2019-06-21,3432.0,332,1
1603,1603,,2019-06-21,28593.0,64,2
1604,1604,,2019-06-22,2512.0,415,1
1605,1605,,2019-06-22,25863.0,80,2
1606,1606,,2019-06-23,1633.0,498,1
1607,1607,,2019-06-23,13126.0,96,2
1608,1608,,2019-06-24,3804.0,0,1
1609,1609,,2019-06-24,23278.0,0,2
1610,1610,,2019-06-25,3154.0,83,1
1611,1611,,2019-06-25,25387.0,16,2
1612,1612,,2019-06-26,3443.0,166,1
1613,1613,,2019-06-26,25386.0,32,2
1614,1614,,2019-06-27,3500.0,249,1
1615,1615,,2019-06-27,23167.0,48,2
1616,1616,,2019-06-28,3519.0,332,1
1617,1617,,2019-06-28,18434.0,64,2
1618,1618,,2019-06-29,2894.0,415,1
1619,1619,,2019-06-29,7251.0,80,2
1620,1620,,2019-06-30,1951.0,498,1
1621,1621,,2019-06-30,865.0,96,2
1622,1622,,2019-07-01,3650.0,0,1
1623,1623,,2019-07-01,6974.0,0,2
1624,1624,,2019-07-02,3212.0,83,1
1625,1625,,2019-07-02,7107.0,16,2
1626,1626,,2019-07-03,3824.0,166,1
1627,1627,,2019-07-03,5669.0,32,2
1628,1628,,2019-07-04,4240.0,249,1
1629,1629,,2019-07-04,5951.0,48,2
1630,1630,,2019-07-05,13.0,332,1
1631,1631,,2019-07-05,4755.0,64,2
1632,1632,,2019-07-06,3944.0,80,2
1633,1633,,2019-07-07,3058.0,96,2
1634,1634,,2019-07-08,3760.0,0,2
1635,1635,,2019-07-09,4483.0,16,2
1636,1636,,2019-07-10,5445.0,32,2
1637,1637,,2019-07-11,16736.0,48,2
1638,1638,,2019-07-12,23284.0,64,2
1639,1639,,2019-07-13,26360.0,80,2
1640,1640,,2019-07-14,12351.0,96,2
1641,1641,,2019-07-15,26769.0,0,2
1642,1642,,2019-07-16,31277.0,16,2
1643,1643,,2019-07-17,31604.0,32,2
1644,1644,,2019-07-18,32547.0,48,2
1645,1645,,2019-07-19,29778.0,64,2
1646,1646,,2019-07-20,26123.0,80,2
1647,1647,,2019-07-21,12267.0,96,2
1648,1648,,2019-07-22,27292.0,0,2
1649,1649,,2019-07-23,29183.0,16,2
1650,2019-07-06,0.0,,,5,1
1651,2019-07-07,1.0,,,6,1
1652,2019-07-08,2.0,,,0,1
1653,2019-07-09,3.0,,,1,1
1654,2019-07-10,4.0,,,2,1
1655,2019-07-11,5.0,,,3,1
1656,2019-07-12,6.0,,,4,1
1657,2019-07-13,7.0,,,5,1
1658,2019-07-14,8.0,,,6,1
1659,2019-07-15,9.0,,,0,1
1660,2019-07-16,10.0,,,1,1
1661,2019-07-17,11.0,,,2,1
1662,2019-07-18,12.0,,,3,1
1663,2019-07-19,13.0,,,4,1
1664,2019-07-20,14.0,,,5,1
1665,2019-07-21,15.0,,,6,1
1666,2019-07-22,16.0,,,0,1
1667,2019-07-23,17.0,,,1,1
1668,2019-07-24,18.0,,,2,1
1669,2019-07-25,19.0,,,3,1
1670,2019-07-26,20.0,,,4,1
1671,2019-07-27,21.0,,,5,1
1672,2019-07-28,22.0,,,6,1
1673,2019-07-29,23.0,,,0,1
1674,2019-07-30,24.0,,,1,1
1675,2019-07-31,25.0,,,2,1
1676,2019-08-01,26.0,,,3,1
1677,2019-08-02,27.0,,,4,1
1678,2019-08-03,28.0,,,5,1
1679,2019-08-04,29.0,,,6,1
1680,2019-08-05,30.0,,,0,1
1681,2019-08-06,31.0,,,1,1
1682,2019-08-07,32.0,,,2,1
1683,2019-08-08,33.0,,,3,1
1684,2019-08-09,34.0,,,4,1
1685,2019-08-10,35.0,,,5,1
1686,2019-08-11,36.0,,,6,1
1687,2019-08-12,37.0,,,0,1
1688,2019-08-13,38.0,,,1,1
1689,2019-08-14,39.0,,,2,1
1690,2019-08-15,40.0,,,3,1
1691,2019-08-16,41.0,,,4,1
1692,2019-08-17,42.0,,,5,1
1693,2019-08-18,43.0,,,6,1
1694,2019-08-19,44.0,,,0,1
1695,2019-08-20,45.0,,,1,1
1696,2019-08-21,46.0,,,2,1
1697,2019-08-22,47.0,,,3,1
1698,2019-08-23,48.0,,,4,1
1699,2019-08-24,49.0,,,5,1
1700,2019-08-25,50.0,,,6,1
1701,2019-08-26,51.0,,,0,1
1702,2019-08-27,52.0,,,1,1
1703,2019-08-28,53.0,,,2,1
1704,2019-08-29,54.0,,,3,1
1705,2019-08-30,55.0,,,4,1
1706,2019-08-31,56.0,,,5,1
1707,2019-09-01,57.0,,,6,1
1708,2019-09-02,58.0,,,0,1
1709,2019-09-03,59.0,,,1,1
1710,2019-09-04,60.0,,,2,1
1711,2019-09-05,61.0,,,3,1
1712,2019-09-06,62.0,,,4,1
1713,2019-09-07,63.0,,,5,1
1714,2019-09-08,64.0,,,6,1
1715,2019-09-09,65.0,,,0,1
1716,2019-09-10,66.0,,,1,1
1717,2019-09-11,67.0,,,2,1
1718,2019-09-12,68.0,,,3,1
1719,2019-09-13,69.0,,,4,1
1720,2019-09-14,70.0,,,5,1
1721,2019-09-15,71.0,,,6,1
1722,2019-09-16,72.0,,,0,1
1723,2019-09-17,73.0,,,1,1
1724,2019-09-18,74.0,,,2,1
1725,2019-09-19,75.0,,,3,1
1726,2019-09-20,76.0,,,4,1
1727,2019-09-21,77.0,,,5,1
1728,2019-09-22,78.0,,,6,1
1729,2019-09-23,79.0,,,0,1
1730,2019-09-24,80.0,,,1,1
1731,2019-09-25,81.0,,,2,1
1732,2019-09-26,82.0,,,3,1
1733,2019-09-27,83.0,,,4,1
1734,2019-09-28,84.0,,,5,1
1735,2019-09-29,85.0,,,6,1
1736,2019-09-30,86.0,,,0,1
1737,2019-07-24,87.0,,,2,2
1738,2019-07-25,88.0,,,3,2
1739,2019-07-26,89.0,,,4,2
1740,2019-07-27,90.0,,,5,2
1741,2019-07-28,91.0,,,6,2
1742,2019-07-29,92.0,,,0,2
1743,2019-07-30,93.0,,,1,2
1744,2019-07-31,94.0,,,2,2
1745,2019-08-01,95.0,,,3,2
1746,2019-08-02,96.0,,,4,2
1747,2019-08-03,97.0,,,5,2
1748,2019-08-04,98.0,,,6,2
1749,2019-08-05,99.0,,,0,2
1750,2019-08-06,100.0,,,1,2
1751,2019-08-07,101.0,,,2,2
1752,2019-08-08,102.0,,,3,2
1753,2019-08-09,103.0,,,4,2
1754,2019-08-10,104.0,,,5,2
1755,2019-08-11,105.0,,,6,2
1756,2019-08-12,106.0,,,0,2
1757,2019-08-13,107.0,,,1,2
1758,2019-08-14,108.0,,,2,2
1759,2019-08-15,109.0,,,3,2
1760,2019-08-16,110.0,,,4,2
1761,2019-08-17,111.0,,,5,2
1762,2019-08-18,112.0,,,6,2
1763,2019-08-19,113.0,,,0,2
1764,2019-08-20,114.0,,,1,2
1765,2019-08-21,115.0,,,2,2
1766,2019-08-22,116.0,,,3,2
1767,2019-08-23,117.0,,,4,2
1768,2019-08-24,118.0,,,5,2
1769,2019-08-25,119.0,,,6,2
1770,2019-08-26,120.0,,,0,2
1771,2019-08-27,121.0,,,1,2
1772,2019-08-28,122.0,,,2,2
1773,2019-08-29,123.0,,,3,2
1774,2019-08-30,124.0,,,4,2
1775,2019-08-31,125.0,,,5,2
1776,2019-09-01,126.0,,,6,2
1777,2019-09-02,127.0,,,0,2
1778,2019-09-03,128.0,,,1,2
1779,2019-09-04,129.0,,,2,2
1780,2019-09-05,130.0,,,3,2
1781,2019-09-06,131.0,,,4,2
1782,2019-09-07,132.0,,,5,2
1783,2019-09-08,133.0,,,6,2
1784,2019-09-09,134.0,,,0,2
1785,2019-09-10,135.0,,,1,2
1786,2019-09-11,136.0,,,2,2
1787,2019-09-12,137.0,,,3,2
1788,2019-09-13,138.0,,,4,2
1789,2019-09-14,139.0,,,5,2
1790,2019-09-15,140.0,,,6,2
1791,2019-09-16,141.0,,,0,2
1792,2019-09-17,142.0,,,1,2
1793,2019-09-18,143.0,,,2,2
1794,2019-09-19,144.0,,,3,2
1795,2019-09-20,145.0,,,4,2
1796,2019-09-21,146.0,,,5,2
1797,2019-09-22,147.0,,,6,2
1798,2019-09-23,148.0,,,0,2
1799,2019-09-24,149.0,,,1,2
1800,2019-09-25,150.0,,,2,2
1801,2019-09-26,151.0,,,3,2
1802,2019-09-27,152.0,,,4,2
1803,2019-09-28,153.0,,,5,2
1804,2019-09-29,154.0,,,6,2
1805,2019-09-30,155.0,,,0,2
1806,2019-10-01,156.0,,,1,2
1807,2019-10-02,157.0,,,2,2
1808,2019-10-03,158.0,,,3,2
1809,2019-10-04,159.0,,,4,2
1810,2019-10-05,160.0,,,5,2
1811,2019-10-06,161.0,,,6,2
1812,2019-10-07,162.0,,,0,2
1813,2019-10-08,163.0,,,1,2
1814,2019-10-09,164.0,,,2,2
1815,2019-10-10,165.0,,,3,2
1816,2019-10-11,166.0,,,4,2
1817,2019-10-12,167.0,,,5,2
1818,2019-10-13,168.0,,,6,2
1819,2019-10-14,169.0,,,0,2
1820,2019-10-15,170.0,,,1,2
1821,2019-10-16,171.0,,,2,2
1822,2019-10-17,172.0,,,3,2
1823,2019-10-18,173.0,,,4,2
1824,2019-10-19,174.0,,,5,2
1825,2019-10-20,175.0,,,6,2
1826,2019-10-21,176.0,,,0,2
1827,2019-10-22,177.0,,,1,2
1828,2019-10-23,178.0,,,2,2
1829,2019-10-24,179.0,,,3,2
